,ID,Key,Name,Mascot,Conference,ELO,Record
109,110,IOWAST,Iowa State,Cyclones,Big 12,1128.8370477866608,7 - 0
94,95,MICH,Michigan,Wolverines,Big Ten,1115.8228137828937,7 - 0
25,26,DUKE,Duke,Blue Devils,Atlantic Coast,1111.4111605704318,8 - 0
246,247,ARZ,Arizona,Wildcats,Big 12,1103.967248719332,7 - 0
96,97,MST,Michigan State,Spartans,Big Ten,1103.5058215994745,7 - 0
92,93,IND,Indiana,Hoosiers,Big Ten,1098.7966991263575,7 - 0
93,94,PUR,Purdue,Boilermakers,Big Ten,1097.0875092769647,7 - 0
333,334,GNZG,Gonzaga,Bulldogs,West Coast,1097.0721367932429,7 - 1
272,273,VAND,Vanderbilt,Commodores,Southeastern,1094.8380563007709,8 - 0
90,91,IOWA,Iowa,Hawkeyes,Big Ten,1094.6661428805537,7 - 0
112,113,OKST,Oklahoma State,Cowboys,Big 12,1094.4968717873103,7 - 0
23,24,LOU,Louisville,Cardinals,Atlantic Coast,1094.424673500328,7 - 0
279,280,MISSR,Missouri,Tigers,Southeastern,1089.285749178331,8 - 0
268,269,LSU,LSU,Tigers,Southeastern,1088.7401840376497,7 - 0
249,250,COL,Colorado,Buffaloes,Big 12,1085.8980846657078,7 - 0
0,1,SMU,SMU,Mustangs,Atlantic Coast,1082.0887980545274,7 - 0
276,277,TENN,Tennessee,Volunteers,Southeastern,1077.319698812689,7 - 1
232,233,BELM,Belmont,Bruins,Missouri Valley,1073.90676548632,8 - 0
5,6,HOU,Houston,Cougars,Big 12,1073.6394419564547,7 - 1
245,246,USC,USC,Trojans,Big Ten,1072.2847119762837,6 - 1
335,336,BYU,BYU,Cougars,Big 12,1069.9206604289286,6 - 1
361,394,CABAP,California Baptist,Lancers,Western Athletic,1067.655640588909,7 - 0
59,60,SETON,Seton Hall,Pirates,Big East,1067.3998509355733,7 - 1
55,56,GMSN,George Mason,Patriots,Atlantic 10,1065.453406965154,8 - 0
111,112,KANST,Kansas State,Wildcats,Big 12,1065.1902349408094,6 - 1
2,3,UCONN,Connecticut,Huskies,Big East,1065.1009768796516,6 - 1
7,8,UCF,UCF,Knights,Big 12,1064.4221486078793,7 - 1
26,27,CLMSN,Clemson,Tigers,Atlantic Coast,1063.0016050230417,7 - 1
178,179,BUF,Buffalo,Bulls,Mid-American,1062.0103072519348,8 - 0
219,220,UTAHST,Utah State,Aggies,Mountain West,1061.5279354329032,7 - 0
98,99,NEBR,Nebraska,Cornhuskers,Big Ten,1061.1839755962637,7 - 1
864,1007,UCSD,California-San Diego,Tritons,Big West,1060.8539533687306,7 - 0
274,275,ALA,Alabama,Crimson Tide,Southeastern,1060.8298134887564,5 - 2
340,341,SANCLR,Santa Clara,Broncos,West Coast,1060.2593257863439,7 - 1
63,64,BUTL,Butler,Bulldogs,Big East,1059.1575228595755,6 - 1
46,47,STBON,St. Bonaventure,Bonnies,Atlantic 10,1058.5191370373425,7 - 1
334,335,STMRY,Saint Mary's,Gaels,West Coast,1057.4739764889166,8 - 1
253,254,STAN,Stanford,Cardinal,Atlantic Coast,1057.34827961388,6 - 1
157,158,YALE,Yale,Bulldogs,Ivy League,1056.6554716147236,7 - 1
97,98,OHIOST,Ohio State,Buckeyes,Big Ten,1052.7930943657652,6 - 1
53,54,STLOU,Saint Louis,Billikens,Atlantic 10,1051.9562192957292,6 - 1
21,22,VIR,Virginia,Cavaliers,Atlantic Coast,1050.8280913571882,6 - 1
250,251,CAH,California,Golden Bears,Atlantic Coast,1050.491501303669,6 - 1
338,339,PACFC,Pacific,Tigers,West Coast,1049.9391227878064,7 - 1
74,75,NCOL,Northern Colorado,Bears,Big Sky,1049.9308064346505,8 - 0
329,330,SALA,South Alabama,Jaguars,Sun Belt,1049.770655716158,7 - 1
20,21,NCAR,North Carolina,Tar Heels,Atlantic Coast,1049.1925022245268,6 - 1
107,108,BAYL,Baylor,Bears,Big 12,1048.8188792322658,5 - 1
177,178,KENTST,Kent State,Golden Flashes,Mid-American,1047.2067307962939,7 - 1
205,206,NIOWA,Northern Iowa,Panthers,Missouri Valley,1046.763746668087,6 - 1
30,31,VTECH,Virginia Tech,Hokies,Atlantic Coast,1046.1952659716167,6 - 2
270,271,FL,Florida,Gators,Southeastern,1046.0979725183226,5 - 2
181,182,MIAOH,Miami (OH),RedHawks,Mid-American,1043.9777934252024,6 - 0
123,124,NCW,UNCW,Seahawks,Coastal Athletic Association,1043.7410995735527,7 - 1
84,85,HPNT,High Point,Panthers,Big South,1042.6702102694485,7 - 1
158,159,COLMB,Columbia,Lions,Ivy League,1042.5921269578682,7 - 1
61,62,GEORGE,Georgetown,Hoyas,Big East,1042.492422510761,5 - 2
113,114,TCU,TCU,Horned Frogs,Big 12,1042.4244378109738,5 - 2
271,272,GA,Georgia,Bulldogs,Southeastern,1042.238823481193,6 - 2
43,44,DAY,Dayton,Flyers,Atlantic 10,1041.8674485529036,6 - 2
167,168,SIENA,Siena,Saints,Metro Atlantic Athletic,1041.3321915132726,7 - 2
4,5,TULSA,Tulsa,Golden Hurricane,American,1041.2185032462687,6 - 1
49,50,RI,Rhode Island,Rams,Atlantic 10,1041.0882887892853,6 - 2
105,106,KAN,Kansas,Jayhawks,Big 12,1040.5963042878657,6 - 2
343,344,NMXST,New Mexico State,Aggies,Conference USA,1039.2562792687936,6 - 0
216,217,COLST,Colorado State,Rams,Mountain West,1039.0855648005893,6 - 2
51,52,RICH,Richmond,Spiders,Atlantic 10,1038.929855634427,6 - 1
58,59,XAV,Xavier,Musketeers,Big East,1038.4860650252285,6 - 2
342,343,LOYMRY,Loyola Marymount,Lions,West Coast,1038.3228341067834,7 - 2
247,248,UTAH,Utah,Utes,Big 12,1038.2875948843248,6 - 2
48,49,DAVID,Davidson,Wildcats,Atlantic 10,1038.2165340910776,6 - 1
100,101,PENNST,Penn State,Nittany Lions,Big Ten,1037.98775142673,7 - 1
47,48,GEOWS,George Washington,Revolutionaries,Atlantic 10,1037.7169116208188,6 - 2
254,255,ARZST,Arizona State,Sun Devils,Big 12,1033.7826224608955,6 - 2
176,177,AKRON,Akron,Zips,Mid-American,1033.548361503196,6 - 2
278,279,AUBRN,Auburn,Tigers,Southeastern,1033.528803115586,6 - 2
106,107,WVIR,West Virginia,Mountaineers,Big 12,1033.4876987042878,6 - 2
218,219,WYOM,Wyoming,Cowboys,Mountain West,1033.1038145003643,6 - 2
213,214,NMX,New Mexico,Lobos,Mountain West,1032.6520841040096,5 - 2
101,102,ILL,Illinois,Fighting Illini,Big Ten,1032.2893815198906,6 - 2
166,167,IONA,Iona,Gaels,Metro Atlantic Athletic,1031.3056679207982,5 - 2
298,299,MCNST,McNeese State,Cowboys,Southland,1030.4699833458699,6 - 1
114,115,HAWAII,Hawaii,Rainbow Warriors,Big West,1030.2175389197112,6 - 2
22,23,MIA,Miami,Hurricanes,Atlantic Coast,1030.164013569365,6 - 2
269,270,TXAM,Texas A&M,Aggies,Southeastern,1030.0263154090578,6 - 2
135,136,MARSH,Marshall,Thundering Herd,Sun Belt,1029.868627184459,5 - 2
57,58,VILL,Villanova,Wildcats,Big East,1029.8332647574118,5 - 1
346,347,SEA,Seattle,Redhawks,West Coast,1029.8126838677674,5 - 2
124,125,WM,William & Mary,Tribe,Coastal Athletic Association,1029.0981787076253,7 - 2
99,100,NW,Northwestern,Wildcats,Big Ten,1027.858455169714,5 - 2
133,134,UAB,UAB,Blazers,American,1027.7883542823943,6 - 2
110,111,TXTECH,Texas Tech,Red Raiders,Big 12,1027.5715163527282,6 - 2
140,141,NTX,North Texas,Mean Green,American,1026.4240278052744,6 - 2
95,96,WISC,Wisconsin,Badgers,Big Ten,1026.3496498863603,5 - 2
347,348,UTAHV,Utah Valley,Wolverines,Western Athletic,1025.8548462787937,6 - 1
147,148,VALP,Valparaiso,Beacons,Missouri Valley,1025.2809280089843,5 - 2
104,105,OKL,Oklahoma,Sooners,Southeastern,1024.283642449468,5 - 2
44,45,VCU,VCU,Rams,Atlantic 10,1023.3084820986148,5 - 3
203,204,ILLST,Illinois State,Redbirds,Missouri Valley,1023.1110887170427,6 - 2
281,282,ETNST,East Tennessee State,Buccaneers,Southern,1022.376140514795,6 - 1
9,10,TULANE,Tulane,Green Wave,American,1022.1352497081085,5 - 2
290,291,SFAUS,Stephen F. Austin,Lumberjacks,Southland,1021.795689055303,5 - 2
117,118,UCDV,UC Davis,Aggies,Big West,1021.7897962236473,5 - 2
239,240,MURST,Murray State,Racers,Missouri Valley,1020.0861083877559,5 - 3
33,34,WAKE,Wake Forest,Demon Deacons,Atlantic Coast,1019.7929973333722,6 - 2
143,144,WKENT,Western Kentucky,Hilltoppers,Conference USA,1019.5103165123303,5 - 2
324,325,TXA,UT Arlington,Mavericks,Western Athletic,1018.3086167767127,6 - 2
11,12,STBR,Stony Brook,Seawolves,Coastal Athletic Association,1017.6467643480653,6 - 2
186,187,EMICH,Eastern Michigan,Eagles,Mid-American,1016.9151555993736,5 - 3
332,333,TROY,Troy,Trojans,Sun Belt,1016.3940553169682,6 - 3
50,51,DUQ,Duquesne,Dukes,Atlantic 10,1015.8284002288101,5 - 2
266,267,SC,South Carolina,Gamecocks,Southeastern,1015.4753617785487,5 - 2
3,4,CIN,Cincinnati,Bearcats,Big 12,1014.4388341603424,5 - 2
144,145,FLATL,Florida Atlantic,Owls,American,1014.4286079924323,5 - 3
153,154,NKENT,Northern Kentucky,Norse,Horizon League,1014.0870752382376,6 - 2
118,119,USCB,UC Santa Barbara,Gauchos,Big West,1013.3744533761741,6 - 2
252,253,UCLA,UCLA,Bruins,Big Ten,1013.3552762764921,5 - 2
273,274,MISS,Ole Miss,Rebels,Southeastern,1012.8276707545673,5 - 2
108,109,TX,Texas,Longhorns,Southeastern,1012.6621768189842,6 - 2
283,284,MERC,Mercer,Bears,Southern,1012.6181412766667,5 - 2
337,338,SF,San Francisco,Dons,West Coast,1012.5608570821794,5 - 3
344,345,GCAN,Grand Canyon,Antelopes,Mountain West,1012.4194389757052,4 - 3
214,215,BOISE,Boise State,Broncos,Mountain West,1012.3698810347397,5 - 3
180,181,BOWLGR,Bowling Green,Falcons,Mid-American,1012.3334301437311,5 - 2
83,84,LIBRTY,Liberty,Flames,Conference USA,1011.6369410181427,5 - 2
54,55,UMASS,Massachusetts,Minutemen,Mid-American,1011.5087562999908,4 - 3
339,340,PORT,Portland,Pilots,West Coast,1011.3490846152472,5 - 3
160,161,PENN,Penn,Quakers,Ivy League,1010.9782802715096,5 - 3
182,183,TOLEDO,Toledo,Rockets,Mid-American,1010.7467812790914,4 - 3
275,276,ARK,Arkansas,Razorbacks,Southeastern,1010.7139483474145,5 - 2
229,230,ROBMS,Robert Morris,Colonials,Horizon League,1010.1917185765853,6 - 3
169,170,FAIR,Fairfield,Stags,Metro Atlantic Athletic,1009.7491299937283,5 - 3
228,229,LIUB,LIU,Sharks,Northeast,1009.5136143635762,4 - 3
294,295,SMHO,Sam Houston,Bearkats,Conference USA,1009.4041297945446,5 - 2
1,2,TEMPL,Temple,Owls,American,1009.0016799158609,4 - 3
317,318,NDKST,North Dakota State,Bison,Summit,1008.9473342411122,5 - 2
248,249,WASH,Washington,Huskies,Big Ten,1008.8059046935546,5 - 2
28,29,FLST,Florida State,Seminoles,Atlantic Coast,1008.3566059560618,5 - 2
41,42,KENEST,Kennesaw State,Owls,Conference USA,1007.9865906570749,5 - 2
231,232,CENCON,Central Connecticut State,Blue Devils,Northeast,1007.4244091882789,5 - 2
80,81,COAST,Coastal Carolina,Chanticleers,Sun Belt,1006.9956075404774,5 - 3
284,285,WOFF,Wofford,Terriers,Southern,1006.7742900858722,5 - 3
173,174,QUIN,Quinnipiac,Bobcats,Metro Atlantic Athletic,1006.6603409505078,5 - 3
126,127,TOWS,Towson,Tigers,Coastal Athletic Association,1006.1524833361898,5 - 3
18,19,UMBC,UMBC,Retrievers,America East,1005.8836211109502,5 - 2
136,137,LOUTCH,Louisiana Tech,Bulldogs,Conference USA,1005.7985205242445,4 - 2
320,321,SDAK,South Dakota,Coyotes,Summit,1005.7462842412426,5 - 3
267,268,UK,Kentucky,Wildcats,Southeastern,1005.4104922296971,5 - 2
10,11,SFL,South Florida,Bulls,American,1005.3357747867399,4 - 4
201,202,WICHST,Wichita State,Shockers,American,1005.029995829351,4 - 4
127,128,HOFST,Hofstra,Pride,Coastal Athletic Association,1004.9586806746752,5 - 3
32,33,NCST,North Carolina State,Wolfpack,Atlantic Coast,1004.8590085272259,5 - 2
210,211,DRAKE,Drake,Bulldogs,Missouri Valley,1004.0263835298039,5 - 3
24,25,ND,Notre Dame,Fighting Irish,Atlantic Coast,1003.6992243093982,5 - 3
211,212,SDST,San Diego State,Aztecs,Mountain West,1003.491846206284,3 - 3
215,216,NEVADA,Nevada,Wolf Pack,Mountain West,1003.2131978486176,4 - 4
331,332,TXST,Texas State,Bobcats,Sun Belt,1003.0670365963243,6 - 4
260,261,COLG,Colgate,Raiders,Patriot League,1002.9754018156084,5 - 4
52,53,FORDM,Fordham,Rams,Atlantic 10,1001.9728399185127,6 - 3
75,76,PORTST,Portland State,Vikings,Big Sky,1001.5556032820543,4 - 2
129,130,ELON,Elon,Phoenix,Coastal Athletic Association,1001.5433106588561,4 - 3
212,213,FREST,Fresno State,Bulldogs,Mountain West,1001.5087836588236,5 - 4
175,176,MARIST,Marist,Red Foxes,Metro Atlantic Athletic,1001.0351064532543,4 - 2
302,303,LAMAR,Lamar,Cardinals,Southland,1000.3286264026106,4 - 2
877,1024,TARL,Tarleton State,Texans,Western Athletic,1000.1879157825672,5 - 3
161,162,CORNEL,Cornell,Big Red,Ivy League,1000.0804083557329,5 - 2
125,126,JMAD,James Madison,Dukes,Sun Belt,999.4444073604811,5 - 4
209,210,BRADLY,Bradley,Braves,Missouri Valley,999.3437204420883,4 - 4
65,66,DEPAUL,DePaul,Blue Demons,Big East,999.2979042956786,5 - 3
156,157,ILLCHI,UIC,Flames,Missouri Valley,998.741472385381,4 - 3
195,196,NCAT,North Carolina A&T,Aggies,Coastal Athletic Association,998.5797896669076,3 - 2
243,244,SIUE,SIUE,Cougars,Ohio Valley,998.4076317408413,5 - 3
78,79,NARZ,Northern Arizona,Lumberjacks,Big Sky,998.0960077797408,4 - 2
81,82,WINTH,Winthrop,Eagles,Big South,997.9747147352649,4 - 4
326,327,ARKST,Arkansas State,Red Wolves,Sun Belt,997.7382964858765,4 - 3
37,38,FLGC,Florida Gulf Coast,Eagles,Atlantic Sun,997.7130882851602,5 - 3
288,289,SAMF,Samford,Bulldogs,Southern,997.3965758850131,4 - 5
264,265,AMERCN,American,Eagles,Patriot League,996.948800212576,5 - 4
959,1112,STMN,St. Thomas (MN),Tommies,Summit,996.3711400274708,5 - 4
31,32,GTECH,Georgia Tech,Yellow Jackets,Atlantic Coast,996.0133675753447,5 - 3
163,164,HARVRD,Harvard,Crimson,Ivy League,995.9525513286526,5 - 4
241,242,AUSP,Austin Peay,Governors,Atlantic Sun,995.9252238767683,4 - 3
257,258,NAVY,Navy,Midshipmen,Patriot League,995.1440877124721,4 - 5
66,67,STJOHN,St. John's,Red Storm,Big East,994.9876374318478,4 - 3
27,28,PITT,Pittsburgh,Panthers,Atlantic Coast,994.106151493124,5 - 3
154,155,YNGST,Youngstown State,Penguins,Horizon League,993.7639545439016,4 - 4
34,35,BOSCOL,Boston College,Eagles,Atlantic Coast,993.5460424095359,4 - 4
286,287,WCAR,Western Carolina,Catamounts,Southern,992.8672550696938,3 - 4
45,46,STJOE,Saint Joseph's,Hawks,Atlantic 10,992.7982103797945,4 - 3
280,281,CHAT,Chattanooga,Mocs,Southern,992.5486303313185,4 - 4
240,241,TMRT,UT Martin,Skyhawks,Ohio Valley,992.545810829647,4 - 3
258,259,BOSTU,Boston,Terriers,Patriot League,992.5038419872886,3 - 5
206,207,INDST,Indiana State,Sycamores,Missouri Valley,992.4549651280761,4 - 4
39,40,LIPSC,Lipscomb,Bisons,Atlantic Sun,992.3331381500885,4 - 4
115,116,UCIRV,UC Irvine,Anteaters,Big West,991.8452176872871,5 - 4
72,73,IDAHO,Idaho,Vandals,Big Sky,991.6874167038824,4 - 3
282,283,FURMAN,Furman,Paladins,Southern,991.4916056363481,4 - 4
1225,1391,UWG,West Georgia,Wolves,Atlantic Sun,991.324352843038,4 - 3
14,15,VERM,Vermont,Catamounts,America East,990.8865700372409,5 - 4
130,131,NEAST,Northeastern,Huskies,Coastal Athletic Association,990.4885665307063,3 - 4
131,132,DREXEL,Drexel,Dragons,Coastal Athletic Association,990.4084354704636,4 - 4
308,309,ALAAM,Alabama A&M,Bulldogs,Southwestern Athletic,989.8789757279887,3 - 3
204,205,SILL,Southern Illinois,Salukis,Missouri Valley,989.60777891007,4 - 4
142,143,SOUMIS,Southern Miss,Golden Eagles,Sun Belt,989.0024979883189,4 - 3
119,120,UCRVS,UC Riverside,Highlanders,Big West,988.8091094231881,4 - 4
295,296,ABCHR,Abilene Christian,Wildcats,Western Athletic,988.5535332295702,5 - 3
134,135,MTNST,Middle Tennessee,Blue Raiders,Conference USA,988.3166685002046,4 - 3
60,61,CREIGH,Creighton,Bluejays,Big East,987.8338325378343,4 - 3
345,346,CSU,Bakersfield,Roadrunners,Big West,986.1215431781987,4 - 4
234,235,TENST,Tennessee State,Tigers,Ohio Valley,985.9963595244218,5 - 3
292,293,HOUBAP,Houston Christian,Huskies,Southland,985.6878866778002,4 - 3
171,172,CANS,Canisius,Golden Griffins,Metro Atlantic Athletic,985.4975273344388,4 - 4
261,262,LOYMD,Loyola Maryland,Greyhounds,Patriot League,985.4411930207397,4 - 5
87,88,CHSOU,Charleston Southern,Buccaneers,Big South,983.926512149008,5 - 4
86,87,LONGWD,Longwood,Lancers,Big South,983.6542768209227,4 - 5
79,80,NCASHE,UNC Asheville,Bulldogs,Big South,983.5622428944041,3 - 4
359,392,TXAMC,East Texas A&M,Lions,Southland,982.8203720039761,4 - 3
262,263,ARMY,Army,Black Knights,Patriot League,982.8033586804268,3 - 6
67,68,MONT,Montana,Grizzlies,Big Sky,982.7577576704336,4 - 4
259,260,LEHI,Lehigh,Mountain Hawks,Patriot League,982.7380809870145,3 - 6
244,245,ORE,Oregon,Ducks,Big Ten,982.6693725107976,4 - 3
71,72,IDHST,Idaho State,Bengals,Big Sky,982.3032083908507,4 - 4
6,7,MPHS,Memphis,Tigers,American,982.2268301378591,2 - 4
68,69,WEBST,Weber State,Wildcats,Big Sky,981.9390425414308,3 - 4
91,92,MARY,Maryland,Terrapins,Big Ten,981.9292226227018,5 - 3
251,252,OREGST,Oregon State,Beavers,Pac-12,981.8712720520953,3 - 5
184,185,CMICH,Central Michigan,Chippewas,Mid-American,981.1285231495634,3 - 4
311,312,GRMBST,Grambling State,Tigers,Southwestern Athletic,981.1176428899657,3 - 4
187,188,WMICH,Western Michigan,Broncos,Mid-American,980.9585999222604,3 - 5
293,294,INCAR,Incarnate Word,Cardinals,Southland,980.8729858469953,4 - 3
629,750,DXST,Utah Tech,Trailblazers,Western Athletic,980.8122709201273,5 - 5
149,150,WRGHT,Wright State,Raiders,Horizon League,980.6650295058394,4 - 4
165,166,MONM,Monmouth,Hawks,Coastal Athletic Association,980.5305763876719,4 - 4
139,140,FLINT,Florida International,Golden Panthers,Conference USA,980.3433236832911,3 - 3
330,331,APPLST,Appalachian State,Mountaineers,Sun Belt,980.1830805040703,4 - 5
341,342,SD,San Diego,Toreros,West Coast,980.1817039445378,3 - 4
237,238,JAXST,Jacksonville State,Gamecocks,Conference USA,980.0178715156637,3 - 3
277,278,MSPST,Mississippi State,Bulldogs,Southeastern,978.8282056947442,3 - 3
328,329,GAS,Georgia Southern,Eagles,Sun Belt,978.7037797642851,4 - 5
207,208,MSRST,Missouri State,Bears,Conference USA,978.6133867917132,4 - 3
102,103,RUTGER,Rutgers,Scarlet Knights,Big Ten,978.5025581542486,5 - 3
132,133,DEL,Delaware,Fightin' Blue Hens,Conference USA,978.1786322738222,2 - 4
168,169,STPETE,Saint Peter's,Peacocks,Metro Atlantic Athletic,978.0284407538826,2 - 4
128,129,CHAR,Charleston,Cougars,Coastal Athletic Association,977.836478872835,4 - 5
362,396,NAL,North Alabama,Lions,Atlantic Sun,977.813116344602,3 - 4
878,1025,BELLA,Bellarmine,Knights,Atlantic Sun,977.7831393500107,3 - 4
89,90,CAMP,Campbell,Fighting Camels,Coastal Athletic Association,977.6426306158896,3 - 4
164,165,DART,Dartmouth,Big Green,Ivy League,977.5628891427757,2 - 3
256,257,BUCK,Bucknell,Bison,Patriot League,977.5126963465382,2 - 7
313,314,SDKST,South Dakota State,Jackrabbits,Summit,977.3948489662035,4 - 4
185,186,NILL,Northern Illinois,Huskies,Mid-American,977.3845320513777,3 - 4
297,298,CARK,Central Arkansas,Bears,Atlantic Sun,977.2983501502857,3 - 5
170,171,MANH,Manhattan,Jaspers,Metro Atlantic Athletic,977.2090203171524,3 - 5
312,313,PVAM,Prairie View A&M,Panthers,Southwestern Athletic,977.0389900111151,4 - 4
620,741,JAC,Lindenwood,Lions,Ohio Valley,976.9347175235854,3 - 4
120,121,CSUNR,CSUN,Matadors,Big West,976.7469025484254,3 - 4
263,264,HOLY,Holy Cross,Crusaders,Patriot League,976.7467746320843,2 - 6
150,151,WBD,Milwaukee,Panthers,Horizon League,976.4661134708007,3 - 5
146,147,UTSA,UTSA,Roadrunners,American,976.2109621848713,4 - 4
162,163,BROWN,Brown,Bears,Ivy League,976.1741547875349,3 - 5
148,149,OAK,Oakland,Golden Grizzlies,Horizon League,975.693243864276,3 - 5
1286,1453,NHVN,New Haven,Chargers,Northeast,975.3879056144186,5 - 4
296,297,NO,New Orleans,Privateers,Southland,974.8643480856384,3 - 5
103,104,MINNST,Minnesota,Golden Gophers,Big Ten,974.3262125605861,4 - 4
42,43,SCUP,USC Upstate,Spartans,Big South,973.8651671581773,4 - 5
141,142,CHARLT,Charlotte,49ers,American,973.2647408255125,3 - 5
289,290,VAMIL,VMI,Keydets,Southern,972.8565821414936,3 - 7
36,37,JAX,Jacksonville,Dolphins,Atlantic Sun,972.7859417569944,3 - 4
121,122,CALPOL,Cal Poly,Mustangs,Big West,972.5201325545111,4 - 5
29,30,SYRA,Syracuse,Orange,Atlantic Coast,972.4120161995241,4 - 3
188,189,HAMP,Hampton,Pirates,Coastal Athletic Association,972.3752439330325,3 - 5
393,427,LEMYN,Le Moyne,Dolphins,Northeast,972.164797029315,4 - 5
285,286,NCG,UNCG,Spartans,Southern,972.1217590615365,1 - 7
265,266,LAFAY,Lafayette,Leopards,Patriot League,971.799367303149,2 - 7
88,89,PRESB,Presbyterian,Blue Hose,Big South,971.5387699747579,5 - 5
287,288,CITA,The Citadel,Bulldogs,Southern,971.147218985875,2 - 6
183,184,BALLST,Ball State,Cardinals,Mid-American,971.1399905423339,3 - 5
255,256,WASHST,Washington State,Cougars,Pac-12,971.0339280848772,3 - 5
221,222,SJST,San Jose State,Spartans,Mountain West,970.9741249111366,3 - 5
310,311,ALAST,Alabama State,Hornets,Southwestern Athletic,970.7433842642433,3 - 5
217,218,UNLV,UNLV,Runnin' Rebels,Mountain West,970.5884868232619,3 - 5
122,123,CSUFL,Cal State Fullerton,Titans,Big West,970.4692689032034,3 - 5
194,195,HOWRD,Howard,Bison,Mid-Eastern,970.4290173525801,4 - 5
348,350,UTRGV,Texas-Rio Grande Valley,Vaqueros,Southland,970.3788544735893,2 - 4
174,175,NIAGRA,Niagara,Purple Eagles,Metro Atlantic Athletic,970.2691759258307,2 - 5
64,65,MARQ,Marquette,Golden Eagles,Big East,970.2591511093641,4 - 4
913,1062,MRCY,Mercyhurst,Lakers,Northeast,969.9776675867246,3 - 5
62,63,PROV,Providence,Friars,Big East,969.7614452223243,4 - 4
151,152,GB,Green Bay,Phoenix,Horizon League,969.186739582173,4 - 5
826,962,QUEEN,Queens (NC),Royals,Atlantic Sun,968.8369167664607,3 - 5
220,221,AIRF,Air Force,Falcons,Mountain West,967.9212073255903,3 - 6
38,39,NJIT,NJIT,Highlanders,America East,967.0930379563222,3 - 6
318,319,DEN,Denver,Pioneers,Summit,966.0856219895361,2 - 5
304,305,SOUTH,Southern,Jaguars,Southwestern Athletic,965.5443863645896,3 - 4
1053,1212,USI,Southern Indiana,Screaming Eagles,Ohio Valley,964.5969435401761,3 - 5
235,236,MHST,Morehead State,Eagles,Ohio Valley,963.3470937657648,3 - 5
73,74,MONST,Montana State,Bobcats,Big Sky,963.1015065748693,3 - 5
56,57,LASAL,La Salle,Explorers,Atlantic 10,963.0297079853656,3 - 6
137,138,OLD,Old Dominion,Monarchs,Sun Belt,962.8723600424198,3 - 6
8,9,ECAR,East Carolina,Pirates,American,960.7839732217066,2 - 5
316,317,IUPUI,IU Indy,Jaguars,Horizon League,960.4405774361298,3 - 6
222,223,WAG,Wagner,Seahawks,Northeast,960.4140466935997,1 - 5
190,191,NORFST,Norfolk State,Spartans,Mid-Eastern,960.1973685690344,4 - 5
690,817,MERRI,Merrimack College,Warriors,Metro Atlantic Athletic,960.0658847814733,3 - 6
299,300,SELOU,Southeastern Louisiana,Lions,Southland,959.6917078998107,3 - 5
76,77,SACST,Sacramento State,Hornets,Big Sky,959.3070975477902,4 - 5
336,337,PEPP,Pepperdine,Waves,West Coast,958.9357416546987,3 - 5
138,139,UTEP,UTEP,Miners,Conference USA,958.7595490432366,3 - 4
145,146,RICE,Rice,Owls,American,958.6879695004784,3 - 6
314,315,IPFW,Purdue Fort Wayne,Mastodons,Horizon League,958.4452979576201,4 - 5
225,226,MSTM,Mount St. Mary's,Mountaineers,Metro Atlantic Athletic,958.2927703710889,2 - 6
70,71,NDAK,North Dakota,Fighting Hawks,Summit,957.1874963939515,3 - 6
238,239,EILL,Eastern Illinois,Panthers,Ohio Valley,956.7682331361874,2 - 5
40,41,STETSN,Stetson,Hatters,Atlantic Sun,956.7099032183824,3 - 6
233,234,TENTCH,Tennessee Tech,Golden Eagles,Ohio Valley,955.8031237652135,3 - 5
192,193,MDES,Maryland Eastern Shore,Hawks,Mid-Eastern,955.5670910793694,4 - 6
197,198,FLAM,Florida A&M,Rattlers,Southwestern Athletic,954.939807078513,0 - 4
202,203,EVANS,Evansville,Aces,Missouri Valley,954.864731642487,3 - 5
319,320,ORAL,Oral Roberts,Golden Eagles,Summit,954.7003362586429,3 - 6
303,304,TXS,Texas Southern,Tigers,Southwestern Athletic,954.6330992774939,1 - 5
322,323,ARLR,Little Rock,Trojans,Ohio Valley,954.1269547937216,2 - 5
35,36,NFL,North Florida,Ospreys,Atlantic Sun,954.09939908952,2 - 5
226,227,SACRED,Sacred Heart,Pioneers,Metro Atlantic Athletic,953.712101385347,2 - 5
242,243,SEMST,Southeast Missouri State,Redhawks,Ohio Valley,953.3872115019143,2 - 6
291,292,TAMU,Texas A&M-Corpus Christi,Islanders,Southland,952.7823186617713,2 - 5
179,180,OHIO,Ohio,Bobcats,Mid-American,951.1386235085755,1 - 6
230,231,BRYANT,Bryant,Bulldogs,America East,950.9525128580568,2 - 6
315,316,NEOM,Omaha,Mavericks,Summit,949.9915229256485,3 - 6
236,237,EKENT,Eastern Kentucky,Colonels,Atlantic Sun,949.3440120385562,1 - 6
15,16,MASLOW,Massachusetts-Lowell,River Hawks,America East,949.2703894201062,3 - 6
116,117,LBST,Long Beach State,Beach,Big West,949.1209936692852,2 - 6
191,192,BCOOK,Bethune-Cookman,Wildcats,Southwestern Athletic,948.9875910136032,2 - 6
152,153,DET,Detroit,Titans,Horizon League,948.5178969075918,2 - 6
85,86,RADF,Radford,Highlanders,Big South,948.2971826383534,3 - 6
172,173,RIDER,Rider,Broncs,Metro Atlantic Athletic,946.7297329035782,1 - 5
159,160,PRNCE,Princeton,Tigers,Ivy League,945.8706750496759,3 - 7
155,156,CLVST,Cleveland State,Vikings,Horizon League,945.564726870026,3 - 6
12,13,ALBNY,Albany,Great Danes,America East,944.8770474994045,3 - 6
223,224,FAIRDK,Fairleigh Dickinson,Knights,Northeast,944.3379314864908,1 - 6
69,70,EWASH,Eastern Washington,Eagles,Big Sky,944.1525469889016,1 - 6
305,306,JACKST,Jackson State,Tigers,Southwestern Athletic,943.892481180555,1 - 6
321,322,WILL,Western Illinois,Leathernecks,Ohio Valley,941.428423929411,2 - 6
77,78,SUTAH,Southern Utah,Thunderbirds,Western Athletic,941.2650976325078,3 - 6
323,324,LOULAF,Louisiana-Lafayette,Ragin' Cajuns,Sun Belt,941.1146961327631,1 - 7
325,326,LAMON,Louisiana-Monroe,Warhawks,Sun Belt,940.7041029454055,1 - 6
301,302,NICHLS,Nicholls,Colonels,Southland,940.4121090536423,0 - 6
198,199,MORGST,Morgan State,Bears,Mid-Eastern,940.0715376718462,1 - 6
1054,1213,STNH,Stonehill,Skyhawks,Northeast,939.8652639980528,2 - 7
300,301,NWST,Northwestern State,Demons,Southland,938.9805550121015,1 - 6
13,14,NHAMP,New Hampshire,Wildcats,America East,938.7075706583794,2 - 6
196,197,NCC,North Carolina Central,Eagles,Mid-Eastern,937.8530637117178,3 - 6
357,362,UMKC,Kansas City,Roos,Summit,937.6492729853088,1 - 6
208,209,LOYCH,Loyola Chicago,Ramblers,Atlantic 10,937.5123953100172,1 - 7
19,20,BING,Binghamton,Bearcats,America East,937.3970023020038,2 - 6
224,225,STFPA,St. Francis (PA),Red Flash,Northeast,936.5843106221249,1 - 6
327,328,GAST,Georgia State,Panthers,Sun Belt,931.8884687987415,1 - 7
189,190,SCARST,South Carolina State,Bulldogs,Mid-Eastern,928.8602482649379,0 - 8
199,200,COPPST,Coppin State,Eagles,Mid-Eastern,928.7589046263313,2 - 8
307,308,MSVLST,Mississippi Valley State,Delta Devils,Southwestern Athletic,927.737804494026,1 - 7
306,307,ALCST,Alcorn State,Braves,Southwestern Athletic,927.1383949147403,1 - 8
200,201,DELST,Delaware State,Hornets,Mid-Eastern,926.2941463832236,2 - 7
349,351,CHIST,Chicago State,Cougars,Northeast,920.2975527772666,0 - 8
309,310,ARPB,Arkansas-Pine Bluff,Golden Lions,Southwestern Athletic,920.2529875399342,0 - 8
16,17,MAINE,Maine,Black Bears,America East,919.1034521451649,0 - 9
82,83,GARDWB,Gardner-Webb,Runnin' Bulldogs,Big South,911.7479149172202,0 - 9
999,1152,OHWES,Ohio Wesleyan,Battling Bishops,n/a,100.0,0 - 1
996,1149,ELIZ,Elizabethtown,Blue Jays,n/a,100.0,0 - 0
997,1150,ARKBA,Arkansas Baptist,Buffaloes,n/a,100.0,0 - 1
995,1148,GWYM,Gwynedd Mercy,Griffins,n/a,100.0,0 - 1
998,1151,UDC,District of Columbia,Firebirds,n/a,100.0,0 - 1
994,1147,VULYN,VU of Lynchburg,Dragons,n/a,100.0,0 - 5
1014,1167,GRCHR,Grace Christian,Tigers,n/a,100.0,0 - 0
1011,1164,WRCT,Worcester Tech,Engineers,n/a,100.0,0 - 0
1010,1163,INWESL,Indiana Wesleyan,Wildcats,n/a,100.0,0 - 0
1001,1154,IMM,Immaculata,Mighty Macs,n/a,100.0,0 - 0
1002,1155,TAMK,Texas A&M-Kingsville,Javelinas,n/a,100.0,0 - 0
1003,1156,GEOKY,Georgetown (KY),Tigers,n/a,100.0,0 - 0
1004,1157,PSALG,Penn State-Allegheny,Nittany Lions,n/a,100.0,0 - 0
1005,1158,OHVY,Ohio Valley,Fighting Scots,n/a,100.0,0 - 0
1006,1159,USAO,University of Science and Arts of Oklahoma,Drovers,n/a,100.0,0 - 0
1007,1160,OT,Oregon Tech,Hustlin' Owls,n/a,100.0,0 - 0
1008,1161,KCPA,King's College (PA),Monarchs,n/a,100.0,0 - 0
993,1146,SALB,Salisbury,Sea Gulls,n/a,100.0,0 - 0
1009,1162,WELLS,Wells College,Express,n/a,100.0,0 - 0
1013,1166,FRANK,Franklin,Grizzlies,n/a,100.0,0 - 1
1012,1165,PSBEH,Penn State-Behrend,Lions,n/a,100.0,0 - 0
965,1118,BARC,Barclay College,Bears,n/a,100.0,0 - 0
1000,1153,ASC,Agnes Scott College,Scotties,n/a,100.0,0 - 0
1016,1169,MIVIL,Millersville,Marauders,n/a,100.0,0 - 0
992,1145,SUNYNP,SUNY New Paltz,Hawks,n/a,100.0,0 - 0
991,1144,REGC,Regis College,Pride,n/a,100.0,0 - 1
966,1119,CEMET,Central Methodist,Eagles,n/a,100.0,0 - 0
967,1120,BAB,Babson,Beavers,n/a,100.0,0 - 0
968,1121,DILD,Dillard,Blue Devils,n/a,100.0,0 - 0
969,1122,NENGD,New England,Nor'Easters,n/a,100.0,0 - 0
970,1123,AINTL,American International,Yellow Jackets,n/a,100.0,0 - 0
971,1124,NEUM,Neumann,Knights,n/a,100.0,0 - 0
972,1125,GUIL,Guilford,Quakers,n/a,100.0,0 - 0
973,1126,HANO,Hanover,Panthers,n/a,100.0,0 - 1
974,1127,DEPAUW,DePauw,Tigers,n/a,100.0,0 - 0
975,1128,WISSUP,Wisconsin-Superior,Yellowjackets,n/a,100.0,0 - 0
976,1129,ROOS,Roosevelt,Lakers,n/a,100.0,0 - 0
977,1130,MORAV,Moravian,Greyhounds,n/a,100.0,0 - 0
978,1131,MINDU,Minnesota Duluth,Bulldogs,n/a,100.0,0 - 0
979,1132,MTOLI,Mount Olive,Trojans,n/a,100.0,0 - 1
980,1133,EMBRID,Embry Riddle,Eagles,n/a,100.0,0 - 1
981,1134,UTENNS,UT Southern,Firehawks,n/a,100.0,0 - 1
982,1135,ERIE,Lake Erie,Storm,n/a,100.0,0 - 0
983,1136,STJME,St. Josephs (ME),Monks,n/a,100.0,0 - 0
984,1137,CCC,Carolina Christian,Centurians,n/a,100.0,0 - 0
985,1138,KNOX,Knox,Prarie Fire,n/a,100.0,0 - 0
986,1139,KEYST,Keystone,Giants,n/a,100.0,0 - 0
987,1140,MARB,Mary Baldwin,Fighting Squirrels,n/a,100.0,0 - 1
988,1141,WEBSTER,Webster,Gorloks,n/a,100.0,0 - 2
989,1142,BETIN,Bethel (IN),Pilots,n/a,100.0,0 - 0
990,1143,CLINT,Clinton,Golden Bears,n/a,100.0,0 - 0
1015,1168,JNCRL,John Carroll,Blue Streaks,n/a,100.0,0 - 0
1063,1222,NRVJ,Northern Vermont-Johnson,Badgers,n/a,100.0,0 - 1
1017,1170,LOAKS,Lincoln (CA),Oaks,n/a,100.0,0 - 3
1062,1221,SALM,Salem College,Spirits,n/a,100.0,0 - 0
1048,1207,UNNY,Union,Chargers,n/a,100.0,0 - 0
1049,1208,LHU,Lock Haven,Bald Eagles,n/a,100.0,0 - 0
1050,1209,BAPMO,Baptist Bible College (MO),Patriots,n/a,100.0,0 - 0
1051,1210,CLAY,Clayton State,Lakers,n/a,100.0,0 - 0
1052,1211,TAY,Taylor University,Trojans,n/a,100.0,0 - 0
1055,1214,LCHB,Lynchburg,Hornets,n/a,100.0,0 - 1
1056,1215,VCSV,Valley City State,Vikings,n/a,100.0,0 - 0
1057,1216,SARL,Sarah Lawrence,Gryphons,n/a,100.0,0 - 1
1058,1217,CHPM,Chapman,Panthers,n/a,100.0,0 - 0
1059,1218,FULT,Fulton-Montgomery,Raiders,n/a,100.0,0 - 0
1060,1219,MRCM,Mercy,Mavericks,n/a,100.0,0 - 1
1061,1220,CMAR,California-Maritime,Keelhaulers,n/a,100.0,0 - 0
963,1116,VAS,Vassar,Brewers,n/a,100.0,0 - 1
1018,1171,KEUKA,Keuka,Storm,n/a,100.0,0 - 0
1064,1223,BKRS,Bakersfield College,Renegades,n/a,100.0,0 - 0
1065,1224,TUFT,Tufts,Jumbos,n/a,100.0,0 - 0
1066,1225,BLVU,Bellevue College,Bulldogs,n/a,100.0,0 - 0
1067,1226,OSWS,Oswego State,Lakers,n/a,100.0,0 - 0
1068,1227,WILK,Wilkes,Colonels,n/a,100.0,0 - 0
1069,1228,LYNN,Lynn,Fighting Knights,n/a,100.0,0 - 0
1070,1229,OCHT,Ouachita Baptist,Tigers,n/a,100.0,0 - 0
1071,1230,SCKY,Simmons College Of Kentucky,Falcons,n/a,100.0,0 - 0
1072,1231,HNLG,Hannibal-LaGrange,Trojans,n/a,100.0,0 - 0
1073,1232,NWIN,Northwest Indian,Eagles,n/a,100.0,0 - 3
1074,1233,MAST,Masters College,Mustangs,n/a,100.0,0 - 0
1075,1234,ITHA,Ithaca College,Bombers,n/a,100.0,0 - 0
1047,1206,WCHES,West Chester,Golden Rams,n/a,100.0,0 - 0
1046,1205,HIR,Hope International,Royals,n/a,100.0,0 - 0
1045,1204,ASHL,Ashland,Eagles,n/a,100.0,0 - 0
1044,1203,OHCHR,Ohio Christian,Trailblazers,n/a,100.0,0 - 1
1019,1173,UC,Union University,Bulldogs,n/a,100.0,0 - 1
1020,1174,STP,Stephens College,Stars,n/a,100.0,0 - 0
1021,1175,MIAH,Miami-Hamilton,Harriers,n/a,100.0,0 - 0
1022,1178,AUST,AUST,Kangaroos,n/a,100.0,0 - 0
1023,1179,LWC,Lindsey Wilson College,Blue Raiders,n/a,100.0,0 - 0
1024,1180,MWSU,Missouri Western State,Griffons,n/a,100.0,0 - 0
1025,1181,STJNF,St. John Fisher,Cardinals,n/a,100.0,0 - 0
1026,1182,CENTR,Centre College,Colonels,n/a,100.0,0 - 0
1027,1183,WART,Wartburg,Knights,n/a,100.0,0 - 0
1028,1184,BBCPA,Baptist Bible College (PA),Defenders,n/a,100.0,0 - 0
1029,1185,JOHNJ,John Jay,Bloodhounds,n/a,100.0,0 - 1
1030,1186,SMSD,College St. Mary,Flames,n/a,100.0,0 - 0
1031,1187,TEXCOL,Texas College,Steers,n/a,100.0,0 - 0
1032,1188,GRCLND,Graceland,Yellowjackets,n/a,100.0,0 - 0
1033,1190,JBROWN,John Brown,Golden Eagles,n/a,100.0,0 - 1
1034,1191,ST. ,St. Thomas (CAN),Tommies,n/a,100.0,0 - 0
1035,1193,BAPCC,Baptist Christian College,Warriors,n/a,100.0,0 - 0
1036,1194,BAKER,Baker,Wildcats,n/a,100.0,0 - 0
1037,1195,KINGU,King University,Tornado,n/a,100.0,0 - 0
1038,1196,MTSTB,Montana State-Billings,Yellowjackets,n/a,100.0,0 - 0
1039,1197,BSHNL,Bushnell,Beacons,n/a,100.0,0 - 0
1040,1199,FAULK,Faulkner,Eagles,n/a,100.0,0 - 0
1041,1200,JTOWN,Jamestown,Jimmies,n/a,100.0,0 - 1
1042,1201,MCLA,Mass College of Liberal Arts,Trailblazers,n/a,100.0,0 - 0
1043,1202,UNTD,North Texas-Dallas,Trailblazers,n/a,100.0,0 - 1
964,1117,MAFARM,Maine-Farmington,Beavers,n/a,100.0,0 - 0
910,1059,KEENE,Keene State,Owls,n/a,100.0,0 - 0
962,1115,IAW,Iowa Wesleyan,Tigers,n/a,100.0,0 - 0
885,1034,LIME,Limestone,Saints,n/a,100.0,0 - 0
872,1018,VST,Virginia State,Trojans,n/a,100.0,1 - 0
873,1019,VUP,Virginia Union,Panthers,n/a,100.0,0 - 0
874,1020,CUP,Clafin,Panthers,n/a,100.0,0 - 0
875,1021,OHC,Oak Hill Christian,Wolfpack,n/a,100.0,0 - 0
876,1023,DEA,Dean College,Bulldogs,n/a,100.0,0 - 0
841,984,HASKELL,Haskell Indian Nations,Fighting Indians,n/a,100.0,0 - 0
879,1028,BEL,Belhaven,Blazers,n/a,100.0,0 - 0
880,1029,INDY,Indianapolis,Greyhounds,n/a,100.0,0 - 0
881,1030,VAW,VA Wesleyan,Blue Marlins,n/a,100.0,0 - 0
882,1031,PPU,Point Park,Pioneers,n/a,100.0,0 - 0
883,1032,ADAMS,Adams State,Grizzlies,n/a,100.0,0 - 1
884,1033,NG,North Georgia,Saints,n/a,100.0,0 - 0
886,1035,LBC,Lancaster Bible College,Chargers,n/a,100.0,0 - 1
870,1016,RUTC,Rutgers-Camden,Scarlet Raptors,n/a,100.0,0 - 1
887,1036,SHRE,LSU-Shreveport,Pilots,n/a,100.0,0 - 0
888,1037,GSW,Georgia Southwestern State,Hurricanes,n/a,100.0,0 - 0
889,1038,CARO,Carolina,Bruins,n/a,100.0,0 - 3
890,1039,RIC,Rhode Island College,Anchormen,n/a,100.0,0 - 0
891,1040,MHB,Mary Hardin-Baylor,Crusaders,n/a,100.0,0 - 0
892,1041,TAMT,Texas A&M-Texarkana,Eagles,n/a,100.0,0 - 0
893,1042,CARLOW,Carlow,Celtics,n/a,100.0,0 - 0
894,1043,EMM,Emmanuel,Lions,n/a,100.0,0 - 0
895,1044,CSC,Columbus State,Cougars,n/a,100.0,0 - 0
896,1045,EVA,Evangel ,Valor,n/a,100.0,0 - 1
897,1046,TIU,Trinity International,Trojans,n/a,100.0,0 - 0
898,1047,TUP,Transylvania,Pioneers,n/a,100.0,0 - 0
871,1017,CRC,Crowley's Ridge College,Pioneers,n/a,100.0,0 - 0
869,1014,MSR,Metropolitan State,Roadrunners,n/a,100.0,0 - 0
961,1114,CMS,Claremont-Mudd-Scripps,Stags,n/a,100.0,0 - 0
853,996,UWW,Wisconsin-Whitewater,Warhawks,n/a,100.0,0 - 0
843,986,PSY,Penn State-York,Nittany Lions,n/a,100.0,0 - 1
842,985,HFAMILY,Holy Family College,Lakers,n/a,100.0,0 - 0
1077,1236,STAUG,St. Augustine,Falcons,n/a,100.0,0 - 0
844,987,VAN,Vanguard,Lions,n/a,100.0,0 - 0
845,988,MORE,Morehouse College,Maroon,n/a,100.0,0 - 0
846,989,LEWIS,Lewis,Flyers,n/a,100.0,0 - 0
847,990,CSEB,Cal State-East Bay,Pioneers,n/a,100.0,0 - 0
848,991,PLN,Point Loma Nazarene,Sea Lions,n/a,100.0,0 - 0
849,992,MUHL,Muhlenberg,Mules,n/a,100.0,0 - 0
850,993,MSM,Minnesota State-Mankato,Mavericks,n/a,100.0,0 - 0
851,994,SRU,Slippery Rock,Rock,n/a,100.0,0 - 0
852,995,SJM,Saint John's (MN),Johnnies,n/a,100.0,0 - 0
854,997,UWF,West Florida,Argonauts,n/a,100.0,0 - 0
868,1013,ECKC,Eckerd College,Tritons,n/a,100.0,0 - 0
855,998,FSB,Ferris State,Bulldogs,n/a,100.0,0 - 0
856,999,CLRK,Clark,Cougars,n/a,100.0,0 - 0
857,1000,SUB,Shaw,Bears,n/a,100.0,0 - 1
858,1001,LBB,Livingstone,Blue Bears,n/a,100.0,0 - 0
859,1002,DBU,Dallas Baptist,Patriots,n/a,100.0,0 - 0
860,1003,OBB,Oklahoma Baptist,Bison,n/a,100.0,0 - 0
861,1004,DOCP,Dominican (CA),Penguins,n/a,100.0,0 - 1
862,1005,AAUK,Academy of Art,Urban Knights,n/a,100.0,0 - 0
863,1006,CUI,Concordia-Irvine,Eagles,n/a,100.0,0 - 0
865,1009,SHP,Shippensburg,Raiders,n/a,100.0,0 - 0
866,1011,UCCS,Colorado-Colorado Springs,Mountain Lions,n/a,100.0,0 - 0
867,1012,NTHW,Northwood,Timberwolves,n/a,100.0,1 - 0
899,1048,BCRR,Bluefield College,Ramblin' Rams,n/a,100.0,0 - 1
900,1049,PUG,Park-Gilbert,Buccaneers,n/a,100.0,0 - 1
901,1050,LCST,Lewis Clark State,Warriors,n/a,100.0,0 - 0
946,1098,SVK,Southern Virginia,Knights,n/a,100.0,0 - 2
934,1084,COR,Cornerstone,Golden Eagles,n/a,100.0,0 - 0
935,1085,CCMC,Columbia College,Cougars,n/a,100.0,0 - 0
936,1087,WVT,West Virginia Tech,Golden Bears,n/a,100.0,0 - 0
937,1088,CSVILLE,Campbellsville-Harrodsburg,Pioneers,n/a,100.0,0 - 0
938,1090,LEEU,Lee,Flames,n/a,100.0,0 - 0
939,1091,STMS,St Martins,Saints,n/a,100.0,0 - 0
940,1092,WHW,Whitworth,Pirates,n/a,100.0,0 - 0
941,1093,WING,Wingate,Bulldogs,n/a,100.0,0 - 0
942,1094,BERRY,Berry College,Vikings,n/a,100.0,0 - 0
943,1095,YHAR,Young Harris College,Mountain Lions,n/a,100.0,0 - 0
944,1096,SWAD,Southwestern Adventist,Knights,n/a,100.0,0 - 2
945,1097,GRGF,George Fox,Bruins,n/a,100.0,0 - 0
947,1099,SCR,Shepherd College,Rams,n/a,100.0,0 - 0
902,1051,CCGA,College of Coastal Georgia,Mariners,n/a,100.0,0 - 2
948,1100,NESTST,Northeastern State,RiverHawks,n/a,100.0,0 - 1
949,1101,WTAM,West Texas A&M,Buffaloes,n/a,100.0,0 - 0
950,1102,NMSU,Northwest Missouri State University,Bearcats,n/a,100.0,0 - 0
951,1103,CONCMN,Concordia-Moorhead,Cobbers,n/a,100.0,0 - 0
952,1104,MANHV,Manhattanville,Valiants,n/a,100.0,0 - 1
953,1105,HAST,Hastings College,Broncos,n/a,100.0,0 - 0
954,1106,HOPE,Hope,Flying Dutchman,n/a,100.0,0 - 0
955,1108,WHEEL,Wheeling,Cardinals,n/a,100.0,0 - 0
956,1109,SAGV,Saginaw Valley,Cardinals,n/a,100.0,0 - 0
957,1110,BUFST,Buffalo State,Bengals,n/a,100.0,0 - 0
958,1111,NYAC,Nyack College,Warriors,n/a,100.0,0 - 0
960,1113,FRED,Fredonia State,Blue Devils,n/a,100.0,0 - 0
933,1083,DSR,Dalton State,Roadrunners,n/a,100.0,0 - 0
932,1082,YCC,Yellowstone Christian College,Centurions,n/a,100.0,0 - 0
931,1081,CSUP,Colorado State-Pueblo,ThunderWolves,n/a,100.0,0 - 0
930,1080,FHSU,Fort Hays State,Tigers,n/a,100.0,0 - 0
903,1052,LUM,Lincoln (MO),Blue Tigers,n/a,100.0,0 - 0
904,1053,LURE,Life,Running Eagles,n/a,100.0,0 - 0
905,1054,MIDWS,Midwestern State,Mustangs,n/a,100.0,0 - 1
906,1055,SCA,SC Aiken,Pacers,n/a,100.0,0 - 0
907,1056,NCPM,NC Pembroke,Braves,n/a,100.0,0 - 0
908,1057,TAL,Talladega,Tornadoes,n/a,100.0,0 - 0
909,1058,TUSC,Tusculum,Pioneers,n/a,100.0,0 - 1
911,1060,FTLAUD,Fort Lauderdale,Eagles,n/a,100.0,0 - 2
912,1061,TRINE,Trine,Thunder,n/a,100.0,0 - 0
914,1063,STAMB,St. Ambrose,Fighting Bees,n/a,100.0,0 - 1
915,1064,ACU,Arizona Christian,Firestorm,n/a,100.0,0 - 0
916,1065,WSHB,Washburn,Ichabods,n/a,100.0,0 - 0
917,1066,NEWM,Newman,Jets,n/a,100.0,0 - 0
918,1067,ACB,Adrian College,Bulldogs,n/a,100.0,0 - 1
919,1068,CALVIN,Calvin,Knights,n/a,100.0,0 - 0
920,1069,USMMA,US Merchant Marine Academy,Mariners,n/a,100.0,0 - 1
921,1070,SALEM,Salem,Tigers,n/a,100.0,0 - 0
922,1071,GREENP,Greenville,Panthers,n/a,100.0,0 - 0
923,1073,FDF,Fairleigh Dickinson Florham,Devils,n/a,100.0,0 - 0
924,1074,CATA,Catawba,Indians,n/a,100.0,0 - 1
925,1075,SX,Saint Xavier,Cougars,n/a,100.0,0 - 0
926,1076,POINT,Point,Skyhawks,n/a,100.0,0 - 1
927,1077,LASU,La Sierra,Golden Eagles,n/a,100.0,0 - 1
928,1078,SPC,Spurgeon College,Knights,n/a,100.0,0 - 0
929,1079,CSM,Colorado School of Mines,Orediggers,n/a,100.0,0 - 0
1076,1235,COLS,Colby-Sawyer College,Chargers,n/a,100.0,0 - 0
1253,1420,AUG,Augusta,Jaguars,n/a,100.0,0 - 0
1078,1237,PRVD,Providence (MT),Argos,n/a,100.0,0 - 0
1260,1427,WSTMMO,Westminster (MO),Blue Jays,n/a,100.0,0 - 0
1232,1398,TAMSA,Texas A&M-San Antonio,Jaguars,n/a,100.0,0 - 2
1233,1399,HCS,Holy Cross (IN),Saints,n/a,100.0,0 - 1
1234,1400,SOR,Southern Oregon,Raiders,n/a,100.0,0 - 0
1235,1401,VTSTR,Vermont State Randolph,Knights,n/a,100.0,0 - 0
1236,1402,PITTB,Pittsburgh Bradford,Panthers,n/a,100.0,0 - 0
1237,1403,SUNYB,SUNY-Brockport,Golden Eagles,n/a,100.0,0 - 0
1238,1404,NELSON,Nelson,Lions,n/a,100.0,0 - 0
1239,1405,MANORC,Manor College,Blue Jays,n/a,100.0,0 - 0
1240,1407,ENDC,Endicott College,Gulls,n/a,100.0,0 - 0
1241,1408,PSSHEN,Penn State-Shenango,Nittany Lions,n/a,100.0,0 - 3
1242,1409,PSFAY,Penn State-Fayette,Nittany Lions,n/a,100.0,0 - 0
1243,1410,PSSCR,Penn State-Scranton,Nittany Lions,n/a,100.0,0 - 0
1244,1411,NOBEL,Nobel,Knights,n/a,100.0,0 - 6
1245,1412,BOWD,Bowdoin,Polar Bears,n/a,100.0,0 - 0
1246,1413,RPI,Rensselaer Polytechnic,Engineers,n/a,100.0,0 - 0
1247,1414,PRATT,Pratt Institute,Cannoneers,n/a,100.0,0 - 0
1248,1415,STMAMN,St. Mary's (MN),Cardinals,n/a,100.0,0 - 0
1249,1416,MARWI,Marian (WI),Sabres,n/a,100.0,0 - 0
1250,1417,DICKPA,Dickinson (PA),Red Devils,n/a,100.0,0 - 1
1251,1418,SPBMTD,Spartanburg Methodist,Pioneers,n/a,100.0,0 - 0
1252,1419,MSOS,Missouri Southern State,Lions,n/a,100.0,0 - 1
839,981,GCL,Georgian Court,Lions,n/a,100.0,0 - 1
1254,1421,STNOR,St. Norbert,Green Knights,n/a,100.0,0 - 0
1255,1422,CALG,Calgary,Dinosaurs,n/a,100.0,0 - 0
1256,1423,RANM,Randolph-Macon,Yellow Jackets,n/a,100.0,0 - 0
1257,1424,MINC,Minnesota-Crookston,Golden Eagles,n/a,100.0,0 - 0
1258,1425,MITECH,Michigan Tech,Huskies,n/a,100.0,0 - 0
1231,1397,JUST,Justice College,Lions,n/a,100.0,0 - 2
1230,1396,CAP,Capital,Comets,n/a,100.0,0 - 1
1229,1395,FRANKP,Franklin Pierce,Ravens,n/a,100.0,0 - 1
1213,1379,BRYST,Bryant & Stratton,Bobcats,n/a,100.0,0 - 0
1201,1367,YORKNE,York (NE),Panthers,n/a,100.0,0 - 0
1202,1368,MINOT,Minot State,Beavers,n/a,100.0,0 - 0
1203,1369,LINMEM,Lincoln Memorial,Railsplitters,n/a,100.0,0 - 0
1204,1370,BRIDMA,Bridgewater (MA),Bears,n/a,100.0,0 - 0
1205,1371,HILCH,Hillsdale,Chargers,n/a,100.0,0 - 0
1206,1372,DALCRU,Dallas,Crusaders,n/a,100.0,0 - 1
1207,1373,KUYP,Kuyper,Cougars,n/a,100.0,0 - 0
1208,1374,MWASH,Mary Washington,Eagles,n/a,100.0,0 - 0
1209,1375,SRGK,Saint Rose,Golden Knights,n/a,100.0,0 - 0
1210,1376,EDGE,Edgewood College,Eagles,n/a,100.0,0 - 0
1211,1377,KUZTWN,Kutztown,Golden Bears,n/a,100.0,0 - 0
1212,1378,WESGA,Wesleyan (GA) College,Wolves,n/a,100.0,0 - 0
1214,1380,BLOOM,Bloomfield,Bears,n/a,100.0,0 - 0
1228,1394,DOMNY,Dominican (NY),Chargers,n/a,100.0,0 - 0
1215,1381,DORDT,Dordt,Defenders,n/a,100.0,0 - 0
1216,1382,UWSTPT,Wisconsin-Stevens Pt,Pointers,n/a,100.0,0 - 0
1217,1383,VITE,Viterbo,V-Hawks,n/a,100.0,0 - 0
1218,1384,FIVE,Five Towns,Sound,n/a,100.0,0 - 0
1219,1385,BIOLA,Biola,Eagles,n/a,100.0,0 - 0
1220,1386,MARYM,Mary,Marauders,n/a,100.0,0 - 0
1221,1387,WVST,West Virginia State,Yellow Jackets,n/a,100.0,0 - 0
1222,1388,GVST,Grand Valley State,Lakers,n/a,100.0,0 - 0
1223,1389,TMU,Toronto Metropolitan,Bold,n/a,100.0,0 - 0
1224,1390,PPARK,Park-Parkville,Pirates,n/a,100.0,0 - 0
1226,1392,LAKE,Lakeland,Muskies,n/a,100.0,0 - 0
1227,1393,MERAA,Meredith,Avenging Angels,n/a,100.0,0 - 0
1259,1426,IUCO,IU Columbus,Crimson Pride,n/a,100.0,0 - 1
1261,1428,INSE,Indiana-Southeast,Grenadiers,n/a,100.0,0 - 0
1079,1238,LBVC,Lebanon Valley College,Dutchmen,n/a,100.0,0 - 0
1262,1429,CHATC,Chatham,Cougars,n/a,100.0,0 - 0
1294,1461,CSUMB,Cal State Monterey Bay,Otters,n/a,100.0,0 - 0
1295,1462,LAWR,Lawrence,Vikings,n/a,100.0,0 - 1
1296,1463,CALPA,California (PA),Vulcans,n/a,100.0,0 - 0
1297,1464,SCHO,St. Scholastica,Saints,n/a,100.0,0 - 1
1298,1465,BARB,Barber-Scotia,Sabers,n/a,100.0,0 - 0
1299,1466,CAM,Cameron,Aggies,n/a,100.0,0 - 0
1300,1467,WAYN,Waynesburg,Yellow Jackets,n/a,100.0,0 - 1
1301,1468,BAPFL,Baptist University of Florida,Eagles,n/a,100.0,0 - 0
1302,1469,MAC,McPherson College,Bulldogs,n/a,100.0,0 - 0
1303,1470,BCU,Briar Cliff,Chargers,n/a,100.0,0 - 0
1304,1471,PSC,Paul Smith's,Bobcats,n/a,100.0,0 - 1
1305,1472,MCC,Manhattan Christian,Thunder,n/a,100.0,0 - 0
1306,1473,IUE,Indiana-East,Red Wolves,n/a,100.0,0 - 0
1307,1474,SKC,Salish Kootenai,Bison,n/a,100.0,0 - 0
1308,1475,PSHAZL,Penn State-Hazleton,Nittany Lions,n/a,100.0,0 - 0
1309,1476,Alfr,Alfred State,Pioneers,n/a,100.0,0 - 0
1310,1477,SCRO,Scranton,Royals,n/a,100.0,0 - 0
1311,1478,OTKS,Ottawa (KS),Braves,n/a,100.0,0 - 0
1312,1479,HESS,Hesston,Larks,n/a,100.0,0 - 0
1313,1480,WLSH,Walsh,Cavaliers,n/a,100.0,0 - 0
1314,1481,SCCC,South Carolina Central Christian,Gladiators,n/a,100.0,0 - 0
1315,1482,MYST,Bismarck State,Mystics,n/a,100.0,0 - 0
1316,1483,BERK,Berkeley,Knights,n/a,100.0,0 - 0
1317,1484,CHICO,Chico State,Wildcats,n/a,100.0,0 - 0
1318,1485,STANS,St. Anselm,Hawks,n/a,100.0,0 - 0
1319,1486,STVNSN,Stevenson,Mustangs,n/a,100.0,0 - 0
1320,1487,CAPOLL,Cal Poly-Humboldt,Lumberjacks,n/a,100.0,0 - 1
1293,1460,WHEAT,Wheaton (IL),Thunder,n/a,100.0,0 - 0
1292,1459,WHITM,Whitman,Missionaries,n/a,100.0,0 - 1
1291,1458,SAU,Southern Arkansas,Muleriders,n/a,100.0,0 - 1
1275,1442,BLHIL,Black Hills State,Yellow Jackets,n/a,100.0,0 - 0
1263,1430,CHRSNW,Christopher Newport,Captains,n/a,100.0,0 - 0
1264,1431,NIACOL,Niagara College,Knights,n/a,100.0,0 - 0
1265,1432,UWLACR,Wisconsin-La Crosse,Eagles,n/a,100.0,0 - 0
1266,1433,HAVER,Haverford,Fords,n/a,100.0,0 - 0
1267,1434,CARRWI,Carrol (WI),Pioneers,n/a,100.0,0 - 0
1268,1435,STILL,Stillman,Tigers,n/a,100.0,0 - 0
1269,1436,JOHNS,Johns Hopkins,Blue Jays,n/a,100.0,0 - 0
1270,1437,FORTLEW,Fort Lewis,Skyhawks,n/a,100.0,0 - 0
1271,1438,SUNYGE,SUNY-Geneseo,Knights,n/a,100.0,0 - 0
1272,1439,CHRB,Christian Brothers,Buccaneers,n/a,100.0,0 - 1
1273,1440,RIPO,Ripon,Red Hawks,n/a,100.0,0 - 1
1274,1441,MACAL,Macalester,Scots,n/a,100.0,0 - 0
1276,1443,YORKNY,York College (NY),Cardinals,n/a,100.0,0 - 0
1290,1457,SUNYCOB,SUNY-Cobleskill,Fighting Tigers,n/a,100.0,0 - 1
1277,1444,SEAPAC,Seattle Pacific,Falcons,n/a,100.0,0 - 0
1278,1445,BETMN,Bethel (MN),Royals,n/a,100.0,0 - 0
1279,1446,EMMA,Emmanuel (MA),Saints,n/a,100.0,0 - 1
1280,1447,PRB,Puerto Rico-Bayamon,Pirates,n/a,100.0,0 - 0
1281,1448,PRRP,Puerto Rico-Rio Piedras,Gallitos,n/a,100.0,0 - 0
1282,1449,NELAZ,Nelson (AZ),Warriors,n/a,100.0,0 - 0
1283,1450,POSTU,Post University,Eagles,n/a,100.0,0 - 0
1284,1451,STMICH,St. Michael's,Purple Knights,n/a,100.0,0 - 0
1285,1452,BREN,Brenau,Golden Tigers,n/a,100.0,0 - 0
1287,1454,ROW,Rowan,Profs,n/a,100.0,0 - 1
1288,1455,AC,Allegheny,Gators,n/a,100.0,0 - 1
1289,1456,PRIN,Principia,Panthers,n/a,100.0,0 - 0
1200,1366,BIBL,College of Biblical Studies,Ambassadors,n/a,100.0,0 - 6
1199,1363,BRTN,Barton,Bulldogs,n/a,100.0,0 - 0
1198,1362,ESTRO,East Stroudsburg,Warriors,n/a,100.0,0 - 0
1197,1361,OPSU,Oklahoma Panhandle State,Aggies,n/a,100.0,0 - 0
1110,1270,OHIOD,Ohio Dominican,Panthers,n/a,100.0,0 - 0
1111,1271,WSW,Wayne State,Warriors,n/a,100.0,0 - 0
1112,1272,BRANDEIS,Brandeis,Judges,n/a,100.0,0 - 0
1113,1273,SONAZA,Southern Nazarene,Crimson Storm,n/a,100.0,0 - 0
1114,1274,CAZEN,Cazenovia,Wildcats,n/a,100.0,0 - 0
1115,1275,MSOE,Milwaukee School of Engineering,Raiders,n/a,100.0,0 - 0
1116,1276,CRDST,Cardinal Stritch,Wolves,n/a,100.0,0 - 0
1117,1277,LORAS,Loras,Duhawks,n/a,100.0,0 - 1
1118,1278,LNGST,Langston,Lions,n/a,100.0,0 - 0
1119,1279,HAMLT,Hamilton,Continentals,n/a,100.0,0 - 0
1120,1280,AURO,Aurora,Spartans,n/a,100.0,0 - 0
1121,1281,MISSW,Mississippi University For Women,Owls,n/a,100.0,0 - 1
1122,1282,NENGC,New England College,Pilgrims,n/a,100.0,0 - 0
1123,1283,SUNYOW,SUNY-Old Westbury,Panthers,n/a,100.0,0 - 0
1124,1285,CLM,Calumet College,Crimson Wave,n/a,100.0,0 - 1
1125,1286,DAKST,Dakota State,Trojans,n/a,100.0,0 - 1
1126,1287,PSBEV,Penn State-Beaver,Nittany Lions,n/a,100.0,0 - 0
1127,1288,CEN,Centenary College,Cyclones,n/a,100.0,0 - 0
1128,1289,MIAMID,Miami-Middletown,ThunderHawks,n/a,100.0,0 - 0
1129,1290,MSMBK,Mount Saint Mary,Blue Knights,n/a,100.0,0 - 1
1130,1291,HOUGH,Houghton,Highlanders,n/a,100.0,0 - 0
1131,1292,KANCH,Kansas Christian,Falcons,n/a,100.0,0 - 0
1132,1293,WLIBST,West Liberty State,Hilltoppers,n/a,100.0,0 - 0
1133,1294,ECSU,Elizabeth City State,Vikings,n/a,100.0,0 - 1
1134,1295,MANS,Mansfield,Mountaineers,n/a,100.0,0 - 1
1135,1296,UOSD,University of Sciences,Devils,n/a,100.0,0 - 0
1136,1297,LOUR,Lourdes,Gray Wolves,n/a,100.0,0 - 0
1109,1269,ANDRN,Anderson (SC),Trojans,n/a,100.0,0 - 0
1108,1268,CSTGD,Coast Guard,Bears,n/a,100.0,0 - 0
1107,1266,FRMHM,Framingham State,Rams,n/a,100.0,0 - 0
1092,1251,RCHST,Rochester,Yellowjackets,n/a,100.0,0 - 0
1080,1239,RIT,RIT,Tigers,n/a,100.0,0 - 2
1081,1240,KNTS,Kentucky State,Thorobreds,n/a,100.0,0 - 1
1082,1241,ARCD,Arcadia,Knights,n/a,100.0,0 - 0
1083,1242,TCNJ,The College of New Jersey,Lions,n/a,100.0,0 - 0
1084,1243,ALBERTUS,Albertus Magnus,Falcons,n/a,100.0,0 - 0
1085,1244,DYOU,D'Youville,Saints,n/a,100.0,0 - 0
1086,1245,STJLI,St. Joseph's (NY-Long Island),Golden Eagles,n/a,100.0,0 - 1
1087,1246,BETKS,Bethel (KS),Threshers,n/a,100.0,0 - 0
1088,1247,MITCH,Mitchell College,Mariners,n/a,100.0,0 - 1
1089,1248,JNSN,Johnson (TN),Royals,n/a,100.0,0 - 0
1090,1249,MDNNA,Madonna,Crusaders,n/a,100.0,0 - 0
1091,1250,OTTBN,Otterbein,Cardinals,n/a,100.0,0 - 0
1093,1252,PITTG,Pittsburgh-Greensburg,Bobcats,n/a,100.0,0 - 1
1106,1265,MAINA,Maine-Augusta,Moose,n/a,100.0,0 - 1
1094,1253,SUNYD,SUNY-Delhi,Broncos,n/a,100.0,0 - 1
1095,1254,PENNK,Penn State-New Kensington,Nittany Lions,n/a,100.0,0 - 1
1096,1255,BALDW,Baldwin Wallace,Yellow Jackets,n/a,100.0,0 - 0
1097,1256,MCDNL,McDaniel,Green Terror,n/a,100.0,0 - 0
1098,1257,WVWSL,WV Wesleyan,Bobcats,n/a,100.0,0 - 1
1099,1258,OKBP,OK Baptist,Prophets,n/a,100.0,0 - 0
1100,1259,STMRW,St. Mary of the Woods,Pomeroys,n/a,100.0,0 - 0
1101,1260,BLUFF,Bluffton,Beavers,n/a,100.0,0 - 0
1102,1261,PTBGS,Pittsburg State,Gorillas,n/a,100.0,0 - 0
1103,1262,OCDN,Occidental,Tigers,n/a,100.0,0 - 1
1104,1263,BLKBN,Blackburn,Beavers,n/a,100.0,0 - 0
1105,1264,STVB,St. Vincent,Bearcats,n/a,100.0,0 - 0
1137,1298,BARR,Barry,Buccaneers,n/a,100.0,0 - 0
1138,1299,VSB,Valdosta State,Blazers,n/a,100.0,0 - 0
1139,1300,UOZC,Ozark Christian,Ambassadors,n/a,100.0,0 - 1
1183,1345,STANT,Stanton,Elks,n/a,100.0,0 - 0
1171,1333,OKWES,Oklahoma Wesleyan,Eagles,n/a,100.0,0 - 0
1172,1334,LINF,Linfield,Wildcats,n/a,100.0,0 - 0
1173,1335,CLE,Cleary,Cougars,n/a,100.0,0 - 1
1174,1336,CUKY,Cumberland (KY),Patriots,n/a,100.0,0 - 1
1175,1337,GREAT,Great Lakes Christian,Crusaders,n/a,100.0,0 - 0
1176,1338,PSABI,Penn State-Abington,Nittany Lions,n/a,100.0,0 - 1
1177,1339,CONCSTP,Concordia-St.Paul,Golden Bears,n/a,100.0,0 - 0
1178,1340,WSLEE,Washington and Lee,Generals,n/a,100.0,0 - 1
1179,1341,CLRKE,Clarke,Pride,n/a,100.0,0 - 0
1180,1342,PLATT,SUNY-Plattsburgh,Cardinals,n/a,100.0,0 - 1
1181,1343,WIRIV,Wisconsin-River Falls,Falcons,n/a,100.0,0 - 0
1182,1344,SNYM,SUNY Morrisville,Mustangs,n/a,100.0,0 - 0
1184,1347,BERM,Berea College,Mountaineers,n/a,100.0,0 - 1
1169,1330,ARFS,Arkansas Fort Smith,Lions,n/a,100.0,0 - 0
1185,1348,ROBWES,Roberts Wesleyan,Redhawks,n/a,100.0,0 - 0
1186,1349,WFIELDST,Westfield State,Owls,n/a,100.0,0 - 0
1187,1350,NCOLLFL,New College of Florida,Mighty Banyans,n/a,100.0,0 - 2
1188,1351,NAVTC,Navajo Technical,Skyhawks,n/a,100.0,0 - 0
1189,1352,SPFLD,Springfield,Pride,n/a,100.0,0 - 0
1190,1353,SWOKST,Southwestern Oklahoma State,Bulldogs,n/a,100.0,0 - 0
1191,1354,ADELP,Adelphi,Panthers,n/a,100.0,0 - 0
1192,1355,NORTHST,Northern State,Wolves,n/a,100.0,0 - 1
1193,1356,SUSQ,Susquehanna,Crusaders,n/a,100.0,0 - 0
1194,1357,STERL,Sterling College,Warriors,n/a,100.0,0 - 0
1195,1358,CLATL,Clark Atlanta,Panthers,n/a,100.0,0 - 0
1196,1359,GLDBEA,Goldey-Beacom,Lightning,n/a,100.0,0 - 0
1170,1331,MMER,Mount Mercy,Mustangs,n/a,100.0,0 - 0
1168,1329,BARD,Bard,Raptors,n/a,100.0,0 - 0
1140,1301,JOHN,John Melvin,Millers,n/a,100.0,0 - 0
1153,1314,LEHM,Lehman College,Lightning,n/a,100.0,0 - 0
1141,1302,MVN,Mount Vernon Nazarene,Cougars,n/a,100.0,0 - 0
1142,1303,SFU,Simon Fraser,Red Leafs,n/a,100.0,0 - 0
1143,1304,PSALT,Penn State-Altoona,Nittany Lions,n/a,100.0,0 - 0
1144,1305,GRAC,Grace College,Lancers,n/a,100.0,0 - 0
1145,1306,MUPR,Mount Union,Purple Raiders,n/a,100.0,0 - 0
1146,1307,LANE,Lane,Dragons,n/a,100.0,0 - 1
1147,1308,VMV,Villa Maria,Vikings,n/a,100.0,0 - 0
1148,1309,MARYW,Marywood,Pacers,n/a,100.0,0 - 1
1149,1310,MEPRE,Maine-Presque Isle,Owls,n/a,100.0,0 - 0
1150,1311,FRIENDS,Friends,Falcons,n/a,100.0,0 - 0
1151,1312,LSS,Lake Superior State,Lakers,n/a,100.0,0 - 0
1152,1313,SMSP,Saint Mary,Spires,n/a,100.0,0 - 0
1154,1315,TABR,Tabor College,Blue Jays,n/a,100.0,0 - 0
1167,1328,PRM,Puerto Rico-Mayaguez,Bulldogs,n/a,100.0,0 - 0
1155,1316,CHEY,Cheyney,Wolves,n/a,100.0,0 - 2
1156,1317,WRCST,Worcester State,Lancers,n/a,100.0,0 - 1
1157,1318,FELI,Felician,Golden Falcons,n/a,100.0,0 - 0
1158,1319,BTHWV,Bethany (WV),Bison,n/a,100.0,0 - 1
1159,1320,UICOL,United International College,Eagle Rays,n/a,100.0,0 - 0
1160,1321,MONIL,Monmouth (IL),Fighting Scots,n/a,100.0,0 - 0
1161,1322,PSUBW,Penn State-Brandywine,Nittany Lions,n/a,100.0,0 - 0
1162,1323,ANDRW,Andrews,Cardinals,n/a,100.0,0 - 0
1163,1324,PSUSK,Penn State-Schuylkill,Nittany Lions,n/a,100.0,0 - 0
1164,1325,WTNBG,Wittenberg,Tigers,n/a,100.0,0 - 0
1165,1326,DEVAL,Delaware Valley,Aggies,n/a,100.0,0 - 0
1166,1327,LRCH,La Roche,Redhawks,n/a,100.0,0 - 0
840,983,UMSL,University of Missouri-St.Louis,Tritons,n/a,100.0,0 - 0
661,786,SWBP,Southwest Baptist,Bearcats,n/a,100.0,0 - 0
838,979,OCE,Oklahoma Christian,Eagles,n/a,100.0,0 - 1
471,508,BTHKS,Bethany (KS),Swedes,n/a,100.0,0 - 0
503,621,ETXBAP,East Texas Baptist,Tigers,n/a,100.0,0 - 0
504,622,TXWESL,Texas Wesleyan,Rams,n/a,100.0,0 - 0
505,623,OAKLCT,Oakland City,Mighty Oaks,n/a,100.0,0 - 1
506,624,WEST,Westcliff,Warriors,n/a,100.0,0 - 0
507,625,ANGL,Angelo State,Rams,n/a,100.0,0 - 1
508,626,RCKFRD,Rockford,Regents,n/a,100.0,0 - 1
509,627,BEMI,Bemidji State,Beavers,n/a,100.0,0 - 0
510,628,UTXT,Texas-Tyler,Patriots,n/a,100.0,0 - 0
511,629,CONCIL,Concordia-Chicago,Cougars,n/a,100.0,0 - 0
512,630,UNIV,University of the Virgin Islands,Buccaneers,n/a,100.0,0 - 0
513,631,USOUTH,Sewanee,Tigers,n/a,100.0,0 - 0
514,632,KENN,Columbia International,Rams,n/a,100.0,0 - 2
515,633,WSTMUT,Westminster (UT),Griffins,n/a,100.0,0 - 2
516,634,CUMBER,Cumberland,Phoenix,n/a,100.0,0 - 0
517,635,UAA,Alaska-Anchorage,Seawolves,n/a,100.0,0 - 0
518,636,MULT,Multnomah,Lions,n/a,100.0,0 - 0
519,637,WEBBER,Webber International,Warriors,n/a,100.0,0 - 0
520,638,FLTECH,Florida Tech,Panthers,n/a,100.0,0 - 0
521,639,COLU,Washington Adventist,Shock,n/a,100.0,0 - 2
522,640,MEVERS,Medgar Evers,Cougars,n/a,100.0,0 - 0
523,641,FLCHR,Johnson (FL),Suns,n/a,100.0,0 - 0
524,642,UWPA,Wisconsin-Parkside,Rangers,n/a,100.0,0 - 0
525,643,OGLE,Oglethorpe,Stormy Petrels,n/a,100.0,0 - 0
526,644,COLCHR,Colorado Christian,Cougars,n/a,100.0,0 - 1
527,645,MENLO,Menlo,Oaks,n/a,100.0,0 - 1
528,646,SUNY,SUNY-Canton,Roos,n/a,100.0,0 - 0
529,647,STANDR,St. Andrews Presbyterian,Knights,n/a,100.0,0 - 0
502,620,LEESMC,Lees-McRae,Bobcats,n/a,100.0,0 - 0
501,619,FERRUM,Ferrum,Panthers,n/a,100.0,0 - 0
500,618,WILM,Wilmington (OH),Fightin' Quakers,n/a,100.0,0 - 0
485,522,CMELL,Carnegie Mellon,Tartans,n/a,100.0,0 - 0
473,510,SOUT,Southwest,Mustangs,n/a,100.0,0 - 0
474,511,CPENN,Central Pennsylvania College,Knights,n/a,100.0,0 - 3
475,512,HNTGDN,Huntingdon,Hawks,n/a,100.0,0 - 1
476,513,UWS,Wisconsin-Stout,Blue Devils,n/a,100.0,0 - 0
477,514,BELLE,Bellevue,Bruins,n/a,100.0,0 - 0
478,515,WILSON,Wilson,Phoenix,n/a,100.0,0 - 1
479,516,FIND,Findlay,Oilers,n/a,100.0,0 - 0
480,517,ILBE,Benedictine,Eagles,n/a,100.0,0 - 1
481,518,ROSEM,Rosemont College,Ravens,n/a,100.0,0 - 0
482,519,KEISR,Keiser,Seahawks,n/a,100.0,0 - 0
483,520,BRYAN,Bryan College,Lions,n/a,100.0,0 - 3
484,521,IUSB,IU-South Bend,Titans,n/a,100.0,0 - 0
486,523,WWU,William Woods,Owls,n/a,100.0,0 - 0
499,617,RAND,Randolph College,Wildcats,n/a,100.0,0 - 1
487,605,ROCHMI,Rochester (MI),Warriors,n/a,100.0,0 - 0
488,606,MARS,Mars Hill,Lions,n/a,100.0,0 - 0
489,607,CONCMI,Concordia (MI),Cardinals,n/a,100.0,0 - 0
490,608,NEWB,Newbury,Nighthawks,n/a,100.0,0 - 0
491,609,CCNY,City College of New York,Beavers,n/a,100.0,0 - 1
492,610,MIT,MIT,Engineers,n/a,100.0,0 - 1
493,611,EMENNO,Eastern Mennonite,Royals,n/a,100.0,0 - 0
494,612,RIVI,Rivier,Raiders,n/a,100.0,0 - 1
495,613,DAVELK,Davis & Elkins,Senators,n/a,100.0,0 - 0
496,614,LRHY,Lenoir-Rhyne,Bears,n/a,100.0,0 - 0
497,615,WASHMD,Washington College,Shoremen,n/a,100.0,0 - 2
498,616,MID-,Mid-Atlantic Christian,Mustangs,n/a,100.0,0 - 2
530,648,EARL,Earlham,Quakers,n/a,100.0,0 - 0
531,649,SEOKST,Southeastern Oklahoma State,Savage Storm,n/a,100.0,0 - 0
532,650,SWAG,Southwestern Assemblies of God,Lions,n/a,100.0,0 - 0
576,696,HARDIN,Harding,Bison,n/a,100.0,0 - 0
564,684,PENS,Pensacola Christian College,Eagles,n/a,100.0,0 - 1
565,685,UOZA,University of the Ozarks,Eagles,n/a,100.0,0 - 0
566,686,TXLUT,Texas Lutheran,Bulldogs,n/a,100.0,0 - 2
567,687,MTTECH,Montana Tech,Orediggers,n/a,100.0,0 - 0
568,688,MOBAPT,Missouri Baptist,Spartans,n/a,100.0,0 - 1
569,689,URBANA,Urbana,Blue Knights,n/a,100.0,0 - 0
570,690,ELMS,Elms College,Blazers,n/a,100.0,0 - 0
571,691,CHES,Chestnut Hill,Griffins,n/a,100.0,0 - 0
572,692,SHWN,Shawnee State,Bears,n/a,100.0,0 - 0
573,693,CRTLND,SUNY-Cortland,Red Dragons,n/a,100.0,0 - 0
574,694,PFEIFR,Pfeiffer,Falcons,n/a,100.0,0 - 0
575,695,MANC,Manchester,Spartans,n/a,100.0,0 - 0
577,697,TRENAZ,Trevecca Nazarene,Trojans,n/a,100.0,0 - 0
562,682,QNCY,Quincy,Hawks,n/a,100.0,0 - 0
578,698,CSST,Cal State-Stanislaus,Warriors,n/a,100.0,0 - 0
579,699,NAZA,Nazareth College,Golden Flyers,n/a,100.0,0 - 0
580,700,BRYN,Bryn Athyn,Lions,n/a,100.0,0 - 0
581,701,QNS,Queens College,Knights,n/a,100.0,0 - 0
582,702,MCKEND,McKendree,Bearcats,n/a,100.0,0 - 1
583,703,EWATER,Edward Waters,Tigers,n/a,100.0,0 - 0
584,704,LYND,Vermont State-Lyndon,Hornets,n/a,100.0,0 - 1
585,705,KEAN,Kean,Cougars,n/a,100.0,0 - 1
586,706,MTAL,Mount Aloysius,Mounties,n/a,100.0,0 - 0
587,707,BSC,Birmingham-Southern,Panthers,n/a,100.0,0 - 0
588,708,DU,Dominican (IL),Stars,n/a,100.0,0 - 2
589,709,BOYC,Boyce,Bulldogs,n/a,100.0,0 - 1
563,683,WNE,Western New England,Golden Bears,n/a,100.0,0 - 1
561,681,MISE,Misericordia,Cougars,n/a,100.0,0 - 2
533,651,BVU,Buena Vista,Beavers,n/a,100.0,0 - 1
546,666,SHEN,Shenandoah,Hornets,n/a,100.0,0 - 0
534,652,HNDRX,Hendrix College,Warriors,n/a,100.0,0 - 0
535,653,SWUNIV,Southwestern,Pirates,n/a,100.0,0 - 0
536,654,UPS,Puget Sound,Loggers,n/a,100.0,0 - 0
537,655,ANTE,Antelope Valley,Pioneers,n/a,100.0,0 - 0
538,656,DES,DeSales,Bulldogs,n/a,100.0,0 - 1
539,657,JWFL,Johnson & Wales (FL),Wildcats,n/a,100.0,0 - 0
540,658,BLUMT,Blue Mountain College,Toppers,n/a,100.0,0 - 1
541,660,OLLU,Our Lady of the Lake,Saints,n/a,100.0,0 - 1
542,661,JARVCH,Jarvis Christian,Bulldogs,n/a,100.0,0 - 2
543,662,COCOL,Colorado College,Tigers,n/a,100.0,0 - 1
544,663,SIMP,Simpson,Red Hawks,n/a,100.0,0 - 0
545,665,TUSK,Tuskegee,Golden Tigers,n/a,100.0,0 - 0
547,667,NOPA,North Park,Vikings,n/a,100.0,0 - 0
560,680,HEIDEL,Heidelberg,Student Princes,n/a,100.0,0 - 0
548,668,CLAR,Clarion,Golden Eagles,n/a,100.0,0 - 0
549,669,EMER,Emerson,Lions,n/a,100.0,0 - 1
550,670,GOUC,Goucher,Gophers,n/a,100.0,0 - 0
551,671,GOSH,Goshen,Maple Leafs,n/a,100.0,0 - 0
552,672,WESLEY,Wesley College,Wolverines,n/a,100.0,0 - 0
553,673,WAB,Wabash,Little Giants,n/a,100.0,0 - 0
554,674,CCAR,LaGrange,Panthers,n/a,100.0,0 - 1
555,675,PRES,Presentation,Saints,n/a,100.0,0 - 0
556,676,MSV,Mount Saint Vincent,Dolphins,n/a,100.0,0 - 0
557,677,BRIDVA,Bridgewater (VA),Eagles,n/a,100.0,0 - 0
558,678,MIDW,Midway,Eagles,n/a,100.0,0 - 2
559,679,WELC,Welch,Flames,n/a,100.0,0 - 0
472,509,WILUTH,Wisconsin Lutheran,Warriors,n/a,100.0,0 - 0
470,507,LYON,Lyon,Scots,n/a,100.0,0 - 1
591,711,NGVILL,North Greenville,Trailblazers,n/a,100.0,1 - 1
469,506,WILEY,Wiley,Wildcats,n/a,100.0,0 - 0
381,415,RUST,Rust College,Bearcats,n/a,100.0,0 - 1
382,416,HARTWI,Hartwick,Hawks,n/a,100.0,0 - 0
383,417,REGEN,Regent,Royals,n/a,100.0,0 - 2
384,418,CLU,Cal Lutheran,Kingsmen,n/a,100.0,0 - 0
385,419,PORTBI,Portland Bible,Arrows,n/a,100.0,0 - 0
386,420,REIN,Reinhardt,Eagles,n/a,100.0,0 - 1
387,421,CAIR,Cairn,Highlanders,n/a,100.0,0 - 0
388,422,CIDAH,College of Idaho,Coyotes,n/a,100.0,0 - 0
389,423,FONT,Fontbonne,Griffins,n/a,100.0,0 - 0
390,424,TRINTX,Trinity (TX),Tigers,n/a,100.0,0 - 1
391,425,CENT,Centenary,Gentlemen,n/a,100.0,0 - 0
392,426,MRCD,California Merced,Bobcats,n/a,100.0,0 - 1
394,428,JANDW,Johnson & Wales (NC),Wildcats,n/a,100.0,0 - 1
395,429,CSSM,Cal State San Marcos,Cougars,n/a,100.0,0 - 0
396,430,LOYOLO,Loyola (LA),Wolfpack,n/a,100.0,0 - 0
397,431,TXPB,Texas-Permian Basin,Falcons,n/a,100.0,0 - 1
398,432,BOB,Bob Jones,Bruins,n/a,100.0,0 - 1
399,433,FVST,Fort Valley State,Wildcats,n/a,100.0,0 - 1
400,434,WARWIL,Warren Wilson,Owls,n/a,100.0,0 - 0
401,435,KYCH,Kentucky Christian,Knights,n/a,100.0,0 - 3
402,436,KOKO,Indiana-Kokomo,Cougars,n/a,100.0,0 - 0
403,437,VOORHE,Voorhees College,Tigers,n/a,100.0,0 - 1
404,440,FRSTBG,Frostburg State,Bobcats,n/a,100.0,0 - 0
405,441,UMFK,Maine-Fort Kent,Bengals,n/a,100.0,0 - 0
406,442,SCHREI,Schreiner,Mountaineers,n/a,100.0,0 - 1
407,443,TRUST,Truman State,Bulldogs,n/a,100.0,0 - 0
408,444,CENST,Central State,Marauders,n/a,100.0,0 - 1
380,414,WILB,Wilberforce,Bulldogs,n/a,100.0,0 - 0
379,413,ALBI,Albion,Britons,n/a,100.0,0 - 0
378,412,BETH,Bethesda,Lion Angels,n/a,100.0,0 - 4
363,397,GBP,Greensboro,Pride,n/a,100.0,0 - 0
17,18,HARTFD,Hartford,Hawks,n/a,100.0,0 - 0
193,194,SAVST,Savannah State,Tigers,n/a,100.0,0 - 0
227,228,STF,St. Francis Brooklyn,Terriers,n/a,100.0,0 - 0
350,352,EMPST,Emporia St.,Hornets,n/a,100.0,0 - 0
351,353,CHAM,Chaminade,Silverswords,n/a,100.0,0 - 3
352,354,HDSM,Hardin-Simmons,Cowboys,n/a,100.0,0 - 0
353,355,FRMN,Francis Marion,Patriots,n/a,100.0,0 - 0
354,356,BOWST,Bowie St.,Bulldogs,n/a,100.0,0 - 0
355,357,YORK,York College,Spartans,n/a,100.0,0 - 0
356,361,ALLEN,Allen,Yellow Jackets,n/a,100.0,0 - 0
358,391,NMH,New Mexico Highlands,Cowboys,n/a,100.0,0 - 2
360,393,NWOST,Northwestern Oklahoma State,Rangers,n/a,100.0,0 - 1
364,398,CWW,Cental Washington,Wildcats,n/a,100.0,0 - 0
377,411,WMT,Montana-Western,Bulldogs,n/a,100.0,0 - 0
365,399,CALVW,Calvary,Warriors,n/a,100.0,0 - 0
366,400,CCT,Champion Christian College,Tigers,n/a,100.0,0 - 3
367,401,MGS,Middle Georgia State,Knights,n/a,100.0,0 - 0
368,402,CALTECH,Cal Tech,Beavers,n/a,100.0,0 - 1
369,403,HHILO,Hawaii Hilo,Vulcans,n/a,100.0,0 - 0
370,404,WILCAR,William Carey,Crusaders,n/a,100.0,0 - 2
371,405,PINE,Pine Manor,Gators,n/a,100.0,0 - 0
372,406,STEDWA,St. Edwards,Hilltoppers,n/a,100.0,0 - 0
373,407,TRINB,Trinity Baptist,Eagles,n/a,100.0,0 - 1
374,408,EWUN,East-West,Phantoms,n/a,100.0,0 - 1
375,409,SDCHR,San Diego Christian,Hawks,n/a,100.0,0 - 0
376,410,HTILLO,Huston-Tillotson,Rams,n/a,100.0,0 - 1
409,445,DUB,Dubuque,Spartans,n/a,100.0,0 - 0
410,446,HSST,Harris-Stowe,Hornets,n/a,100.0,0 - 0
411,447,MIDAMC,Mid-America Christian,Evangels,n/a,100.0,0 - 1
455,491,JWCO,Johnson & Wales (CO),Wildcats,n/a,100.0,0 - 0
443,479,SONO,Sonoma State,Seawolves,n/a,100.0,0 - 0
444,480,NWCOLL,Northwest,Eagles,n/a,100.0,0 - 0
445,481,NDOH,Notre Dame College of Ohio,Falcons,n/a,100.0,0 - 0
446,482,BREC,Brevard College,Tornados,n/a,100.0,0 - 0
447,483,STFR,St. Francis (IL),Fighting Saints,n/a,100.0,0 - 1
448,484,TRIFL,Trinity (FL),Tigers,n/a,100.0,0 - 1
449,485,STMAMD,St. Mary's (MD),Seahawks,n/a,100.0,0 - 1
450,486,WILMDE,Wilmington (DE),Wildcats,n/a,100.0,1 - 0
451,487,CSDH,Cal State-Dominguez Hills,Toros,n/a,100.0,0 - 0
452,488,PIEDMO,Piedmont,Lions,n/a,100.0,0 - 1
453,489,CWA,Central Washington,Wildcats,n/a,100.0,0 - 0
454,490,MYVLST,Mayville State,Comets,n/a,100.0,0 - 1
456,492,INNW,Indiana-Northwest,Red Hawks,n/a,100.0,0 - 0
441,477,TRUE,Truett-McConnell,Bears,n/a,100.0,0 - 0
457,493,COE,Coe,Kohawks,n/a,100.0,0 - 1
458,494,NLAND,Northland,LumberJacks,n/a,100.0,0 - 0
459,495,HOOD,Hood,Blazers,n/a,100.0,0 - 0
460,496,PEACE,William Peace,Pacers,n/a,100.0,0 - 0
461,497,MILLSA,Millsaps,Majors,n/a,100.0,0 - 1
462,499,MEMAC,Maine-Machias,Clippers,n/a,100.0,0 - 0
463,500,SECOL,Southeastern,Fire,n/a,100.0,0 - 0
464,501,NWOHIO,Northwestern Ohio,Racers,n/a,100.0,0 - 0
465,502,FRANU,Franciscan,Barons,n/a,100.0,0 - 1
466,503,CDRVL,Cedarville,Yellow Jackets,n/a,100.0,0 - 0
467,504,GCSU,Georgia College & State,Bobcats,n/a,100.0,0 - 0
468,505,STLEO,St. Leo,Lions,n/a,100.0,0 - 0
442,478,LACOLL,Louisiana College,Wildcats,n/a,100.0,0 - 0
440,476,COVENA,Covenant,Scots,n/a,100.0,0 - 0
412,448,CONCAU,Concordia (TX),Tornados,n/a,100.0,0 - 0
425,461,MILE,Miles,Golden Bears,n/a,100.0,0 - 0
413,449,CARV,Carver College,Cougars,n/a,100.0,0 - 0
414,450,CHRIS,Christendom College,Crusaders,n/a,100.0,0 - 0
415,451,WSS,Winston-Salem State,Rams,n/a,100.0,0 - 0
416,452,GLEN,Glenville State,Pioneers,n/a,100.0,0 - 0
417,453,TIFFIN,Tiffin,Dragons,n/a,100.0,0 - 1
418,454,BLOM,Bloomsburg,Huskies,n/a,100.0,0 - 0
419,455,BPARK,Brewton-Parker College,Barons,n/a,100.0,0 - 0
420,456,HIWA,Hiwassee College,Tigers,n/a,100.0,0 - 0
421,457,MOSCT,Missouri Science & Technology,Miners,n/a,100.0,0 - 0
422,458,BENE,Benedictine Mesa,Redhawks,n/a,100.0,0 - 0
423,459,FLCOL,Florida College,Falcons,n/a,100.0,0 - 0
424,460,LIFE,Life Pacific,Warriors,n/a,100.0,0 - 2
426,462,AVC,Averett,Cougars,n/a,100.0,0 - 1
439,475,WAWA,Walla Walla,Wolves,n/a,100.0,0 - 0
427,463,HNAMES,Holy Names,Hawks,n/a,100.0,0 - 0
428,464,MILLIG,Milligan,Buffaloes,n/a,100.0,0 - 1
429,465,NCWESL,North Carolina Wesleyan,Battling Bishops,n/a,100.0,0 - 0
430,466,ROCHEL,College of New Rochelle,Blue Angels,n/a,100.0,0 - 0
431,467,WJU,William Jessup,Warriors,n/a,100.0,0 - 1
432,468,MOBILE,Mobile,Rams,n/a,100.0,0 - 0
433,469,FLMEM,Florida Memorial,Lions,n/a,100.0,0 - 0
434,470,SPHIL,Spring Hill,Badgers,n/a,100.0,0 - 1
435,471,HOWP,Howard Payne,Yellow Jackets,n/a,100.0,0 - 1
436,472,BRESC,Brescia,Bearcats,n/a,100.0,0 - 1
437,473,WILBAP,Williams Baptist,Eagles,n/a,100.0,0 - 0
438,474,FISK,Fisk,Bulldogs,n/a,100.0,0 - 2
590,710,KYWE,Kentucky Wesleyan,Panthers,n/a,100.0,0 - 0
592,712,LINCOL,Lincoln (PA),Lions,n/a,100.0,0 - 0
837,978,MDW,Michigan-Dearborn,Wolves,n/a,100.0,0 - 0
717,846,ENAZ,Eastern Nazarene,Lions,n/a,100.0,0 - 0
749,878,STE,Health Sciences and Pharmacy,Eutectics,n/a,100.0,0 - 1
750,879,WMA,Wheaton College (MA),Lyons,n/a,100.0,0 - 0
751,880,JCSC,New Jersey City,Gothic Knights,n/a,100.0,0 - 0
752,881,PHCH,Philadelphia,Chestnut,n/a,100.0,0 - 0
753,883,PACOR,Pacific (OR),Boxers,n/a,100.0,0 - 0
754,884,MRYV,Maryville (TN),Fighting Scots,n/a,100.0,0 - 0
755,885,MDV,Michigan Dearborn,Wolverines,n/a,100.0,0 - 0
756,886,FLAG,Flagler,Saints,n/a,100.0,0 - 0
757,887,VF,Valley Forge,Patriots,n/a,100.0,0 - 1
758,888,CURR,Curry College,Colonels,n/a,100.0,0 - 1
759,889,MALONE,Malone,Pioneers,n/a,100.0,0 - 0
760,890,CINC,Cincinnati Clermont,Cougars,n/a,100.0,0 - 1
761,891,MVS,Marymount VA,Saints,n/a,100.0,0 - 0
762,892,FUDF,FDU-Florham,Devils,n/a,100.0,0 - 0
763,893,RHODE,Rhodes College,Lynx,n/a,100.0,0 - 1
764,894,THIEL,Thiel College,Tomcats,n/a,100.0,0 - 0
765,896,CONC,Concordia University (WI),Falcons,n/a,100.0,0 - 0
766,898,OLIVET,Olivet Nazarene,Tigers,n/a,100.0,0 - 0
767,899,ILLWES,Illinois Wesleyan ,Titans,n/a,100.0,0 - 0
768,900,UAT,University of Texas at Dallas,Comets,n/a,100.0,0 - 0
769,901,DELTA,Delta State,Statesmen,n/a,100.0,0 - 0
770,902,DAVEN,Davenport University,Panthers,n/a,100.0,0 - 0
771,903,WNM,Western New Mexico,Mustangs,n/a,100.0,0 - 1
772,904,PLL,Pacific Lutheran,Lutes,n/a,100.0,0 - 1
773,905,EVER,Evergreen State,Geoducks,n/a,100.0,0 - 1
774,906,NDM,Notre Dame de Namur,Argonauts,n/a,100.0,0 - 0
775,907,HIRAM,Hiram,Hiram,n/a,100.0,0 - 0
748,877,SHOR,Shorter,Hawks,n/a,100.0,0 - 0
747,876,ALBS,Albany State (GA),Golden Rams,n/a,100.0,0 - 0
746,875,PAIN,Paine,Lions,n/a,100.0,0 - 1
731,860,CRF,Crowleys Ridge,Falcons,n/a,100.0,0 - 0
719,848,PJMC,Pittsburgh-Johnstown,Mountain Cats,n/a,100.0,0 - 0
720,849,ALCE,Alice Lloyd College,Eagles,n/a,100.0,0 - 0
721,850,AHC,Alabama Huntsville,Chargers,n/a,100.0,0 - 0
722,851,SID,Staten Island,Dolphins,n/a,100.0,0 - 0
723,852,MOCO,Montreat College,Cavaliers,n/a,100.0,0 - 0
724,853,LETYJ,Le Tourneau,Yellow Jackets,n/a,100.0,0 - 1
725,854,FDMU,FDU Madison,Devils,n/a,100.0,0 - 0
726,855,FISF,Fisher College,Falcons,n/a,100.0,0 - 0
727,856,HUSSB,Husson,Braves,n/a,100.0,0 - 0
728,857,WALW,Waldorf College,Warriors,n/a,100.0,0 - 0
729,858,NBRI,Newberry,Wolves,n/a,100.0,0 - 0
730,859,OAKA,Oakwood,Ambassadors,n/a,100.0,0 - 2
732,861,NNME,Northern New Mexico,Eagles,n/a,100.0,0 - 0
745,874,BETHB,Anaheim,Bethesda,n/a,100.0,0 - 0
733,862,MARIK,Marian,Knights,n/a,100.0,0 - 0
734,863,MMCL,Mount Mary College,Lancers,n/a,100.0,0 - 0
735,864,OWEN,Le Moyne-Owen,Magicians,n/a,100.0,0 - 0
736,865,CCSC,Columbia College (SC),Koalas,n/a,100.0,0 - 0
737,866,WOU,Western Oregon,Wolves,n/a,100.0,0 - 0
738,867,ASH,Asbury,Eagles,n/a,100.0,0 - 0
739,868,MUSK,Muskingum,Muskies,n/a,100.0,0 - 0
740,869,PHS,Philander Smith,Panthers,n/a,100.0,0 - 0
741,870,OTAZ,Ottawa (AZ),Spirit,n/a,100.0,0 - 1
742,871,SCSU,Southern Connecticut State,Owls,n/a,100.0,0 - 0
743,872,WILJ,William Jewell,Cardinals,n/a,100.0,0 - 0
744,873,CONV,Converse College,Valkyries,n/a,100.0,0 - 1
776,908,PIKE,Pikeville,Bears,n/a,100.0,0 - 0
777,909,CHIM,Chicago,Maroons,n/a,100.0,0 - 0
778,910,CROWN,Crown College,Polars,n/a,100.0,0 - 0
822,958,BAC,Belmont Abbey,Crusaders,n/a,100.0,0 - 1
810,945,POST,LIU Post,Pioneers,n/a,100.0,0 - 0
811,946,AUB,Auburn Montgomery,Warhawks,n/a,100.0,0 - 0
812,947,GUELPH,Guelph,Gryphons,n/a,100.0,0 - 0
813,948,EASTERN,Eastern,Eagles,n/a,100.0,0 - 1
814,949,RIO,Rio Grande ,Red Storm,n/a,100.0,0 - 0
815,950,MARTY,Mount Marty,Lancers,n/a,100.0,0 - 0
816,952,WES,Tennessee Wesleyan,Bulldogs,n/a,100.0,0 - 2
817,953,HASK,Haskell,Jayhawks,n/a,100.0,0 - 2
818,954,SUMMIT,Clarks Summit,Defenders,n/a,100.0,0 - 0
819,955,GANNON,Gannon,Golden Knights,n/a,100.0,0 - 0
820,956,FAMILY,Holy Family,Tigers,n/a,100.0,0 - 0
821,957,STLB,St. Thomas (FL),Bobcats,n/a,100.0,0 - 0
823,959,CCMO,Central Christian (MO),Saints,n/a,100.0,0 - 0
808,942,TOCCOA,Toccoa Falls,Eagles,n/a,100.0,0 - 2
824,960,SFS,San Francisco State,Gators,n/a,100.0,0 - 2
825,961,LAND,Lander,Bearcats,n/a,100.0,0 - 0
827,963,RAN,Randall,Saints,n/a,100.0,0 - 0
828,964,NCMN,North Central (MN),Rams,n/a,100.0,0 - 0
829,969,THOM,Thomas (GA),Night Hawks,n/a,100.0,0 - 0
830,970,DOANE,Doane,Tigers,n/a,100.0,0 - 0
831,971,CHOW,Chowan,Hawks,n/a,100.0,0 - 0
832,972,SUL,Sul Ross State,Lobos,n/a,100.0,0 - 0
833,973,LINDEN,Lindenwood-Belleville,Lynx,n/a,100.0,0 - 0
834,975,MSJ,Mt. St. Joseph,Lions,n/a,100.0,0 - 0
835,976,WHIT,Whittier,Poets,n/a,100.0,0 - 1
836,977,NAS,North American,Stallions,n/a,100.0,0 - 0
809,943,SAGU,SAGU American Indian College,Warriors,n/a,100.0,0 - 0
807,940,ED,Edmonds,Tritons,n/a,100.0,0 - 0
779,911,HAMPT,Hampden-Sydney,Tigers,n/a,100.0,0 - 0
792,925,SUNYPO,SUNY Potsdam,Bears,n/a,100.0,0 - 0
780,912,SPOLY,SUNY Poly,Wildcats,n/a,100.0,0 - 0
781,913,EDIN,Edinboro,Fighting Scots,n/a,100.0,0 - 0
782,914,ROCKY,Rocky,Mountain Bears,n/a,100.0,0 - 0
783,915,GETTY,Gettysburg,Bullets,n/a,100.0,0 - 0
784,917,AND,Anderson (IN),Ravens,n/a,100.0,0 - 0
785,918,NEW,Newport News Apprentice,Builders,n/a,100.0,0 - 0
786,919,VWH,Virginia-Wise Highland,Cavaliers,n/a,100.0,0 - 0
787,920,PACI,Pacific Union,Pioneers,n/a,100.0,0 - 0
788,921,FAIRS,Fairmont State,Falcons,n/a,100.0,0 - 0
789,922,PHO,Phoenix,Saguaic,n/a,100.0,0 - 0
790,923,GORDON,Gordon College,Fighting Scots,n/a,100.0,0 - 0
791,924,SIMPS,Simpson College,Storm,n/a,100.0,0 - 1
793,926,ROGERS,Rogers State,Hillcats,n/a,100.0,0 - 0
806,939,EUREKA,Eureka,Red Devils,n/a,100.0,0 - 0
794,927,CORN,Cornell College,Rams,n/a,100.0,0 - 0
795,928,RED,Redlands,Bulldogs,n/a,100.0,0 - 1
796,929,BLUE,Bluefield State,Big Blues,n/a,100.0,0 - 1
797,930,CONCC,Concord College,Mountain Lions,n/a,100.0,0 - 0
798,931,LESLEY,Lesley,Lynx,n/a,100.0,0 - 0
799,932,FPS,Fresno Pacific,Sunbirds,n/a,100.0,0 - 1
800,933,TRINIL,Trinity (IL),Trolls,n/a,100.0,0 - 1
801,934,THOMAS,St. Thomas (TX),Celts,n/a,100.0,0 - 1
802,935,OHNO,Ohio Northern,Polar Bears,n/a,100.0,0 - 0
803,936,SWCU,Southwestern Christian,Eagles,n/a,100.0,0 - 2
804,937,NORTH,North Central,Cardinals,n/a,100.0,0 - 0
805,938,ECT,East Central,Tigers,n/a,100.0,0 - 0
718,847,SNOK,Southern-New Orleans,Knights,n/a,100.0,0 - 1
716,845,BPORT,Bridgeport,Purple Knights,n/a,100.0,0 - 0
593,713,NYIT,NYIT,Bears,n/a,100.0,0 - 0
715,844,ROCKH,Rockhurst,Hawks,n/a,100.0,0 - 0
625,746,SWST,Southwest Minnesota State,Mustangs,n/a,100.0,0 - 0
626,747,PUCA,Purdue Northwest,Pride,n/a,100.0,0 - 0
627,748,MCMR,McMurry,War Hawks,n/a,100.0,0 - 1
628,749,COKER,Coker,Cobras,n/a,100.0,0 - 0
630,751,ARMON,Arkansas-Monticello,Boll Weevils,n/a,100.0,0 - 0
631,752,DALCHR,Dallas Christian,Crusaders,n/a,100.0,0 - 1
632,753,BTHTN,Bethel (TN),Wildcats,n/a,100.0,0 - 1
633,754,CMPVLE,Campbellsville,Tigers,n/a,100.0,0 - 0
634,755,LAV,La Verne,Leopards,n/a,100.0,0 - 1
635,756,OBER,Oberlin College,Yeomen,n/a,100.0,0 - 0
636,757,FLOR,Florida National,Conquistadors,n/a,100.0,0 - 1
637,758,JOWAL,Johnson & Wales (RI),Wildcats,n/a,100.0,0 - 1
638,759,MCGI,McGill,Redmen,n/a,100.0,0 - 0
639,760,DCKSNS,Dickinson State,Blue Hawks,n/a,100.0,0 - 0
640,761,SKIDMO,Skidmore,Thoroughbreds,n/a,100.0,0 - 0
641,762,ELMIRA,Elmira,Soaring Eagles,n/a,100.0,0 - 0
642,764,UCSC,California-Santa Cruz,Banana Slugs,n/a,100.0,0 - 1
643,765,WAYB,Wayland Baptist,Pioneers,n/a,100.0,0 - 0
644,766,TAMI,Texas A&M-International,Dustdevils,n/a,100.0,0 - 0
645,767,WCBAP,West Coast Baptist,Eagles,n/a,100.0,0 - 2
646,768,MISSCO,Mississippi College,Choctaws,n/a,100.0,0 - 0
647,769,COLL,College of Saint Elizabeth,Eagles,n/a,100.0,0 - 1
648,770,SIENHT,Siena Heights,Saints,n/a,100.0,0 - 0
649,771,IW,St. Joseph's (NY-Brooklyn),Bears,n/a,100.0,0 - 1
650,772,ARBAP,Arlington Baptist,Patriots,n/a,100.0,0 - 2
651,773,SEBAP,Southeastern Baptist,Chargers,n/a,100.0,0 - 0
652,774,OCHIL,Ohio Chillicothe,Hilltoppers,n/a,100.0,0 - 0
624,745,FAY,Fayetteville State,Broncos,n/a,100.0,0 - 0
623,744,EOR,Eastern Oregon,Mountaineers,n/a,100.0,0 - 2
622,743,HIPACI,Hawaii Pacific,Sharks,n/a,100.0,1 - 1
606,727,TOUGAL,Tougaloo,Bulldogs,n/a,100.0,0 - 1
594,714,SPALD,Spalding,Golden Eagles,n/a,100.0,0 - 0
595,715,AQUN,Aquinas College,Saints,n/a,100.0,0 - 0
596,716,ILTECH,Illinois Tech,Scarlet Hawks,n/a,100.0,0 - 1
597,717,MNMO,Minnesota-Morris,Cougars,n/a,100.0,0 - 0
598,718,WMETTE,Willamette,Bearcats,n/a,100.0,0 - 1
599,719,WAL,West Alabama,Tigers,n/a,100.0,0 - 0
600,720,DEF,Defiance,Yellow Jackets,n/a,100.0,0 - 1
601,721,ONEO,SUNY-Oneonta,Red Dragons,n/a,100.0,0 - 2
602,722,ECC,Ecclesia,Royals,n/a,100.0,0 - 2
603,723,ENM,Eastern New Mexico,Greyhounds,n/a,100.0,0 - 0
604,724,LEWCL,Lewis & Clark,Pioneers,n/a,100.0,0 - 0
605,725,METHOD,Methodist,Monarchs,n/a,100.0,0 - 0
607,728,CONCNE,Concordia (NE),Bulldogs,n/a,100.0,0 - 1
621,742,AVIL,Avila,Eagles,n/a,100.0,0 - 0
608,729,SARE,Salve Regina,Seahawks,n/a,100.0,0 - 1
609,730,MOLL,Molloy,Lions,n/a,100.0,0 - 1
610,731,SWESLE,Southern Wesleyan,Warriors,n/a,100.0,0 - 0
611,732,PBAC,Palm Beach Atlantic,Sailfish,n/a,100.0,0 - 0
612,733,WSTMPA,Westminster (PA),Titans,n/a,100.0,0 - 0
613,734,SUNYM,SUNY-Maritime,Privateers,n/a,100.0,0 - 1
614,735,STMATX,St. Mary's (TX),Rattlers,n/a,100.0,0 - 0
615,736,MSBOS,Massachusetts-Boston,Beacons,n/a,100.0,0 - 0
616,737,AVEM,Ave Maria,Gyrenes,n/a,100.0,0 - 0
617,738,NWNAZA,Northwest Nazarene,Nighthawks,n/a,100.0,0 - 0
618,739,GOVE,Governors State,Jaguars,n/a,100.0,0 - 0
619,740,RSCNJ,Stockton,Ospreys,n/a,100.0,0 - 0
653,775,PSWB,Penn State-Wilkes-Barre,Nittany Lions,n/a,100.0,0 - 0
654,776,CASLA,Cal State-Los Angeles,Golden Eagles,n/a,100.0,0 - 0
655,777,NMU,Northern Michigan,Wildcats,n/a,100.0,0 - 0
701,829,LSUAG,LSU-Alexandria,Generals,n/a,100.0,0 - 0
688,815,PURPAN,Purchase,Panthers,n/a,100.0,0 - 0
689,816,SBERS,St. Bernard,Saints,n/a,100.0,0 - 0
691,818,AKFBN,Alaska Fairbanks,Nanooks,n/a,100.0,0 - 0
692,819,XAVLA,Xavier (LA),Gold Rush,n/a,100.0,0 - 0
693,820,ERSFF,Erskine,Flying Fleet,n/a,100.0,0 - 2
694,822,JCSG,Johnson C. Smith,Golden Bulls,n/a,100.0,0 - 1
695,823,UMSLR,Missouri-St.Louis,Riverman,n/a,100.0,0 - 0
696,824,CECHT,Central Christian College,Tigers,n/a,100.0,0 - 0
697,825,CHDE,Chadron State,Eagles,n/a,100.0,0 - 0
698,826,BENCR,Benedictine College,Ravens,n/a,100.0,0 - 0
699,827,CBAPM,Central Baptist College,Mustangs,n/a,100.0,0 - 0
700,828,CSSBC,CSU San Bernardino,Coyotes,n/a,100.0,0 - 0
702,831,CNCUE,Cincinnati Christian,Eagles,n/a,100.0,0 - 0
686,813,WESTMOW,Westmont,Warriors,n/a,100.0,0 - 0
703,832,OLIVE,Olivet College,Comets,n/a,100.0,0 - 0
704,833,NDMG,Notre Dame of Maryland,Gators,n/a,100.0,0 - 2
705,834,CULV,Culver-Stockton,Wildcats,n/a,100.0,0 - 0
706,835,TBKT,Thomas University,Terriers,n/a,100.0,0 - 0
707,836,WARUR,Warner,Royals,n/a,100.0,0 - 0
708,837,CRMTS,Carroll (MT),Fighting Saints,n/a,100.0,0 - 0
709,838,PERUB,Peru State College,Bobcats,n/a,100.0,0 - 1
710,839,UISP,Illinois-Springfield Prairie ,Stars,n/a,100.0,0 - 0
711,840,WPCK,Warner Pacific College,Knights,n/a,100.0,0 - 0
712,841,MORRI,Morris College,Hornets,n/a,100.0,0 - 0
713,842,DAKU,Dakota Wesleyan Univeristy,Tigers,n/a,100.0,0 - 0
714,843,PQT,Paul Quinn,Tigers,n/a,100.0,0 - 0
687,814,SKCF,Saint Katherine College,Firebirds,n/a,100.0,0 - 0
685,812,CTCOLLC,Connecticut College,Camels,n/a,100.0,0 - 0
656,778,SDSM,South Dakota School of Mines,Hardrockers,n/a,100.0,0 - 0
670,796,CALDW,Caldwell,Cougars,n/a,100.0,0 - 1
657,779,MONTE,Montevallo,Falcons,n/a,100.0,0 - 0
658,780,CRBN,Corban,Warriors,n/a,100.0,0 - 0
659,784,MSUN,Montana State-Northern,Lights,n/a,100.0,0 - 0
660,785,FARM,Farmingdale State,Rams,n/a,100.0,0 - 1
662,787,NYCT,New York City Tech,Yellow Jackets,n/a,100.0,0 - 0
663,789,WCST,Western Colorado,Mountaineers,n/a,100.0,0 - 0
664,790,BW,Bacone,Warriors,n/a,100.0,0 - 0
665,791,TOM,Thomas,Terriers,n/a,100.0,0 - 1
666,792,ALM,Alma,Scot,n/a,100.0,0 - 0
667,793,ARTECH,Arkansas Tech,Wonder Boys,n/a,100.0,0 - 0
668,794,MMM,Maine Maritime,Mariners,n/a,100.0,0 - 0
669,795,EMHEN,Emory & Henry,Wasps,n/a,100.0,0 - 0
671,797,GNV,Geneva,Golden Tornadoes,n/a,100.0,0 - 1
684,811,FREEDL,Freed-Hardeman,Lions,n/a,100.0,0 - 0
672,798,GALLU,Gallaudet,Bison,n/a,100.0,0 - 0
673,799,LUTHE,Luther,Norse,n/a,100.0,0 - 0
674,800,JDSNE,Judson,Eagles,n/a,100.0,0 - 0
675,801,CRNWE,Carson-Newman,Eagles,n/a,100.0,0 - 0
676,802,NEKEA,Nebraska-Kearney,Antelopes,n/a,100.0,0 - 0
677,803,COKLB,Central Oklahoma,Bronchos,n/a,100.0,0 - 0
678,804,MRYVLS,Maryville (MO),Saints,n/a,100.0,0 - 0
679,805,WIDENP,Widener,Pioneers,n/a,100.0,0 - 1
680,806,TAMPAS,Tampa,Spartans,n/a,100.0,0 - 0
681,808,WMPATP,William Paterson,Pioneers,n/a,100.0,0 - 0
682,809,MLCW,Midland Lutheran,Warriors,n/a,100.0,0 - 0
683,810,NEBWESP,Nebraska Wesleyan,Prairie Wolves,n/a,100.0,0 - 0
1321,1488,URSI,Ursinus,Bears,n/a,100.0,0 - 0
