,GameEndDateTime,GameID,Season,SeasonType,Status,Day,DateTime,AwayTeam,HomeTeam,AwayTeamID,HomeTeamID,StadiumID,AwayTeamScore,HomeTeamScore,Updated,GlobalGameID,GlobalAwayTeamID,GlobalHomeTeamID,IsClosed,NeutralVenue,DateTimeUTC,GameEndDateTIme,SeriesInfo
0,2025-10-21T23:01:05,22433,2026,1,F/OT,2025-10-21T00:00:00,2025-10-21T19:30:00,HOU,OKC,22,18,18,124,125,2025-10-21T23:14:02,20022433,20000022,20000018,True,False,2025-10-21T23:30:00,2025-10-21T23:01:05,
1,2025-10-22T00:46:08,22434,2026,1,Final,2025-10-21T00:00:00,2025-10-21T22:00:00,GS,LAL,26,27,27,119,109,2025-10-22T01:02:39,20022434,20000026,20000027,True,False,2025-10-22T02:00:00,2025-10-22T00:46:08,
3,2025-10-22T21:42:03,22546,2026,1,Final,2025-10-22T00:00:00,2025-10-22T19:00:00,MIA,ORL,4,5,5,121,125,2025-10-22T21:59:06,20022546,20000004,20000005,True,False,2025-10-22T23:00:00,2025-10-22T21:42:03,
2,2025-10-22T21:40:20,22545,2026,1,Final,2025-10-22T00:00:00,2025-10-22T19:00:00,BKN,CHA,8,2,2,117,136,2025-10-22T21:59:06,20022545,20000008,20000002,True,False,2025-10-22T23:00:00,2025-10-22T21:40:20,
0,2025-10-22T21:43:24,22435,2026,1,Final,2025-10-22T00:00:00,2025-10-22T19:00:00,CLE,NY,12,6,6,111,119,2025-10-22T22:01:22,20022435,20000012,20000006,True,False,2025-10-22T23:00:00,2025-10-22T21:43:24,
5,2025-10-22T22:11:38,22548,2026,1,Final,2025-10-22T00:00:00,2025-10-22T19:30:00,PHI,BOS,7,9,9,117,116,2025-10-22T22:30:53,20022548,20000007,20000009,True,False,2025-10-22T23:30:00,2025-10-22T22:11:38,
4,2025-10-22T22:11:49,22547,2026,1,Final,2025-10-22T00:00:00,2025-10-22T19:30:00,TOR,ATL,10,3,3,138,118,2025-10-22T22:30:53,20022547,20000010,20000003,True,False,2025-10-22T23:30:00,2025-10-22T22:11:49,
8,2025-10-22T22:28:02,22551,2026,1,Final,2025-10-22T00:00:00,2025-10-22T20:00:00,WAS,MIL,1,15,15,120,133,2025-10-22T22:46:28,20022551,20000001,20000015,True,False,2025-10-23T00:00:00,2025-10-22T22:28:02,
7,2025-10-22T22:48:05,22550,2026,1,Final,2025-10-22T00:00:00,2025-10-22T20:00:00,NO,MEM,23,21,21,122,128,2025-10-22T23:01:45,20022550,20000023,20000021,True,False,2025-10-23T00:00:00,2025-10-22T22:48:05,
6,2025-10-22T22:44:43,22549,2026,1,Final,2025-10-22T00:00:00,2025-10-22T20:00:00,DET,CHI,14,11,11,111,115,2025-10-22T23:01:45,20022549,20000014,20000011,True,False,2025-10-23T00:00:00,2025-10-22T22:44:43,
9,2025-10-22T23:33:39,22552,2026,1,Final,2025-10-22T00:00:00,2025-10-22T21:00:00,LAC,UTA,28,17,17,108,129,2025-10-22T23:47:51,20022552,20000028,20000017,True,False,2025-10-23T01:00:00,2025-10-22T23:33:39,
1,2025-10-23T00:16:00,22436,2026,1,Final,2025-10-22T00:00:00,2025-10-22T21:30:00,SA,DAL,24,25,25,125,92,2025-11-22T04:02:17,20022436,20000024,20000025,True,False,2025-10-23T01:30:00,2025-10-23T00:16:00,
11,2025-10-23T00:38:10,22554,2026,1,Final,2025-10-22T00:00:00,2025-10-22T22:00:00,MIN,POR,16,19,19,118,114,2025-10-23T00:50:20,20022554,20000016,20000019,True,False,2025-10-23T02:00:00,2025-10-23T00:38:10,
10,2025-10-23T00:39:40,22553,2026,1,Final,2025-10-22T00:00:00,2025-10-22T22:00:00,SAC,PHO,30,29,28,116,120,2025-10-23T00:52:20,20022553,20000030,20000029,True,False,2025-10-23T02:00:00,2025-10-23T00:39:40,
0,2025-10-23T22:59:56,22437,2026,1,F/OT,2025-10-23T00:00:00,2025-10-23T19:30:00,OKC,IND,18,13,13,141,135,2025-10-23T23:20:06,20022437,20000018,20000013,True,False,2025-10-23T23:30:00,2025-10-23T22:59:56,
1,2025-10-24T00:48:51,22439,2026,1,F/OT,2025-10-23T00:00:00,2025-10-23T22:00:00,DEN,GS,20,26,51,131,137,2025-11-23T04:02:27,20022439,20000020,20000026,True,False,2025-10-24T02:00:00,2025-10-24T00:48:51,
4,2025-10-24T21:12:26,22557,2026,1,Final,2025-10-24T00:00:00,2025-10-24T18:30:00,MIL,TOR,15,10,10,122,116,2025-10-24T21:30:49,20022557,20000015,20000010,True,False,2025-10-24T22:30:00,2025-10-24T21:12:26,
2,2025-10-24T21:41:53,22555,2026,1,Final,2025-10-24T00:00:00,2025-10-24T19:00:00,ATL,ORL,3,5,5,111,107,2025-10-24T22:01:56,20022555,20000003,20000005,True,False,2025-10-24T23:00:00,2025-10-24T21:41:53,
3,2025-10-24T22:08:10,22556,2026,1,Final,2025-10-24T00:00:00,2025-10-24T19:30:00,CLE,BKN,12,8,8,131,124,2025-10-24T22:19:09,20022556,20000012,20000008,True,False,2025-10-24T23:30:00,2025-10-24T22:08:10,
0,2025-10-24T22:06:51,22483,2026,1,Final,2025-10-24T00:00:00,2025-10-24T19:30:00,BOS,NY,9,6,6,95,105,2025-10-24T22:17:41,20022483,20000009,20000006,True,False,2025-10-24T23:30:00,2025-10-24T22:06:51,
7,2025-10-24T22:56:26,22560,2026,1,F/OT,2025-10-24T00:00:00,2025-10-24T20:00:00,SA,NO,24,23,23,120,116,2025-10-24T23:04:40,20022560,20000024,20000023,True,False,2025-10-25T00:00:00,2025-10-24T22:56:26,
6,2025-10-24T22:19:47,22559,2026,1,Final,2025-10-24T00:00:00,2025-10-24T20:00:00,MIA,MEM,4,21,21,146,114,2025-10-24T22:33:21,20022559,20000004,20000021,True,False,2025-10-25T00:00:00,2025-10-24T22:19:47,
5,2025-10-24T22:58:00,22558,2026,1,Final,2025-10-24T00:00:00,2025-10-24T20:00:00,DET,HOU,14,22,22,115,111,2025-10-24T23:06:38,20022558,20000014,20000022,True,False,2025-10-25T00:00:00,2025-10-24T22:58:00,
8,2025-10-24T23:04:15,22561,2026,1,Final,2025-10-24T00:00:00,2025-10-24T20:30:00,WAS,DAL,1,25,25,117,107,2025-10-24T23:20:40,20022561,20000001,20000025,True,False,2025-10-25T00:30:00,2025-10-24T23:04:15,
9,2025-10-25T00:36:52,22562,2026,1,Final,2025-10-24T00:00:00,2025-10-24T22:00:00,GS,POR,26,19,19,119,139,2025-10-25T00:53:35,20022562,20000026,20000019,True,False,2025-10-25T02:00:00,2025-10-25T00:36:52,
1,2025-10-25T00:46:32,22484,2026,1,Final,2025-10-24T00:00:00,2025-10-24T22:00:00,MIN,LAL,16,27,27,110,128,2025-10-25T00:53:35,20022484,20000016,20000027,True,False,2025-10-25T02:00:00,2025-10-25T00:46:32,
10,2025-10-25T00:27:45,22563,2026,1,Final,2025-10-24T00:00:00,2025-10-24T22:00:00,UTA,SAC,17,30,29,104,105,2025-10-25T00:37:28,20022563,20000017,20000030,True,False,2025-10-25T02:00:00,2025-10-25T00:27:45,
11,2025-10-25T01:06:29,22564,2026,1,Final,2025-10-24T00:00:00,2025-10-24T22:30:00,PHO,LAC,29,28,106,102,129,2025-10-25T01:24:41,20022564,20000029,20000028,True,False,2025-10-25T02:30:00,2025-10-25T01:06:29,
0,2025-10-25T21:29:45,22565,2026,1,Final,2025-10-25T00:00:00,2025-10-25T19:00:00,CHI,ORL,11,5,5,110,98,2025-10-25T21:49:46,20022565,20000011,20000005,True,False,2025-10-25T23:00:00,2025-10-25T21:29:45,
2,2025-10-25T22:12:07,22567,2026,1,Final,2025-10-25T00:00:00,2025-10-25T19:30:00,CHA,PHI,2,7,7,121,125,2025-10-25T22:21:01,20022567,20000002,20000007,True,False,2025-10-25T23:30:00,2025-10-25T22:12:07,
1,2025-10-25T21:54:08,22566,2026,1,Final,2025-10-25T00:00:00,2025-10-25T19:30:00,OKC,ATL,18,3,3,117,100,2025-10-25T22:05:21,20022566,20000018,20000003,True,False,2025-10-25T23:30:00,2025-10-25T21:54:08,
3,2025-10-25T22:28:36,22568,2026,1,Final,2025-10-25T00:00:00,2025-10-25T20:00:00,IND,MEM,13,21,21,103,128,2025-10-25T22:36:44,20022568,20000013,20000021,True,False,2025-10-26T00:00:00,2025-10-25T22:28:36,
4,2025-10-25T23:56:40,22569,2026,1,Final,2025-10-25T00:00:00,2025-10-25T21:00:00,PHO,DEN,29,20,20,111,133,2025-10-26T00:07:18,20022569,20000029,20000020,True,False,2025-10-26T01:00:00,2025-10-25T23:56:40,
0,2025-10-26T16:45:57,22570,2026,1,Final,2025-10-26T00:00:00,2025-10-26T14:00:00,BKN,SA,8,24,24,107,118,2025-10-26T16:55:05,20022570,20000008,20000024,True,False,2025-10-26T18:00:00,2025-10-26T16:45:57,
1,2025-10-26T18:31:02,22571,2026,1,Final,2025-10-26T00:00:00,2025-10-26T15:30:00,BOS,DET,9,14,14,113,119,2025-10-26T18:43:57,20022571,20000009,20000014,True,False,2025-10-26T19:30:00,2025-10-26T18:31:02,
2,2025-10-26T20:48:02,22572,2026,1,Final,2025-10-26T00:00:00,2025-10-26T18:00:00,MIL,CLE,15,12,12,113,118,2025-10-26T21:04:12,20022572,20000015,20000012,True,False,2025-10-26T22:00:00,2025-10-26T20:48:02,
3,2025-10-26T20:36:33,22573,2026,1,Final,2025-10-26T00:00:00,2025-10-26T18:00:00,NY,MIA,6,4,4,107,115,2025-10-26T20:48:25,20022573,20000006,20000004,True,False,2025-10-26T22:00:00,2025-10-26T20:36:33,
4,2025-10-26T20:44:15,22574,2026,1,Final,2025-10-26T00:00:00,2025-10-26T18:00:00,CHA,WAS,2,1,1,139,113,2025-10-26T21:04:12,20022574,20000002,20000001,True,False,2025-10-26T22:00:00,2025-10-26T20:44:15,
5,2025-10-26T21:43:33,22575,2026,1,Final,2025-10-26T00:00:00,2025-10-26T19:00:00,IND,MIN,13,16,16,110,114,2025-10-26T21:50:38,20022575,20000013,20000016,True,False,2025-10-26T23:00:00,2025-10-26T21:43:33,
6,2025-10-26T22:10:56,22576,2026,1,Final,2025-10-26T00:00:00,2025-10-26T19:30:00,TOR,DAL,10,25,25,129,139,2025-10-26T22:21:52,20022576,20000010,20000025,True,False,2025-10-26T23:30:00,2025-10-26T22:10:56,
7,2025-10-26T23:38:16,22577,2026,1,Final,2025-10-26T00:00:00,2025-10-26T21:00:00,POR,LAC,19,28,106,107,114,2025-10-26T23:55:30,20022577,20000019,20000028,True,False,2025-10-27T01:00:00,2025-10-26T23:38:16,
8,2025-10-26T23:41:19,22578,2026,1,Final,2025-10-26T00:00:00,2025-10-26T21:00:00,LAL,SAC,27,30,29,127,120,2025-10-26T23:55:30,20022578,20000027,20000030,True,False,2025-10-27T01:00:00,2025-10-26T23:41:19,
0,2025-10-27T21:42:47,22440,2026,1,Final,2025-10-27T00:00:00,2025-10-27T19:00:00,CLE,DET,12,14,14,116,95,2025-10-27T21:52:55,20022440,20000012,20000014,True,False,2025-10-27T23:00:00,2025-10-27T21:42:47,
2,2025-10-27T21:43:47,22579,2026,1,Final,2025-10-27T00:00:00,2025-10-27T19:00:00,ORL,PHI,5,7,7,124,136,2025-10-27T21:52:55,20022579,20000005,20000007,True,False,2025-10-27T23:00:00,2025-10-27T21:43:47,
3,2025-10-27T22:24:19,22580,2026,1,Final,2025-10-27T00:00:00,2025-10-27T20:00:00,ATL,CHI,3,11,11,123,128,2025-10-27T22:39:50,20022580,20000003,20000011,True,False,2025-10-28T00:00:00,2025-10-27T22:24:19,
4,2025-10-27T22:23:16,22581,2026,1,Final,2025-10-27T00:00:00,2025-10-27T20:00:00,BKN,HOU,8,22,22,109,137,2025-10-27T22:39:50,20022581,20000008,20000022,True,False,2025-10-28T00:00:00,2025-10-27T22:23:16,
5,2025-10-27T22:26:48,22582,2026,1,Final,2025-10-27T00:00:00,2025-10-27T20:00:00,BOS,NO,9,23,23,122,90,2025-10-27T22:39:50,20022582,20000009,20000023,True,False,2025-10-28T00:00:00,2025-10-27T22:26:48,
6,2025-10-27T22:35:33,22583,2026,1,Final,2025-10-27T00:00:00,2025-10-27T20:00:00,TOR,SA,10,24,24,103,121,2025-10-27T22:55:28,20022583,20000010,20000024,True,False,2025-10-28T00:00:00,2025-10-27T22:35:33,
7,2025-10-27T22:58:54,22584,2026,1,Final,2025-10-27T00:00:00,2025-10-27T20:30:00,OKC,DAL,18,25,25,101,94,2025-10-27T23:11:29,20022584,20000018,20000025,True,False,2025-10-28T00:30:00,2025-10-27T22:58:54,
8,2025-10-27T23:56:41,22585,2026,1,F/OT,2025-10-27T00:00:00,2025-10-27T21:00:00,PHO,UTA,29,17,17,134,138,2025-10-28T00:11:07,20022585,20000029,20000017,True,False,2025-10-28T01:00:00,2025-10-27T23:56:41,
1,2025-10-28T00:10:38,22441,2026,1,Final,2025-10-27T00:00:00,2025-10-27T21:30:00,DEN,MIN,20,16,16,127,114,2025-10-28T00:26:57,20022441,20000020,20000016,True,False,2025-10-28T01:30:00,2025-10-28T00:10:38,
9,2025-10-28T00:39:40,22586,2026,1,Final,2025-10-27T00:00:00,2025-10-27T22:00:00,MEM,GS,21,26,51,118,131,2025-10-28T00:58:03,20022586,20000021,20000026,True,False,2025-10-28T02:00:00,2025-10-28T00:39:40,
10,2025-10-28T00:58:03,22587,2026,1,Final,2025-10-27T00:00:00,2025-10-27T22:30:00,POR,LAL,19,27,27,122,108,2025-10-28T01:13:39,20022587,20000019,20000027,True,False,2025-10-28T02:30:00,2025-10-28T00:58:03,
0,2025-10-28T21:50:39,22588,2026,1,F/OT,2025-10-28T00:00:00,2025-10-28T19:00:00,PHI,WAS,7,1,1,139,134,2025-10-28T22:09:57,20022588,20000007,20000001,True,False,2025-10-28T23:00:00,2025-10-28T21:50:39,
1,2025-10-28T21:58:04,22589,2026,1,Final,2025-10-28T00:00:00,2025-10-28T19:30:00,CHA,MIA,2,4,4,117,144,2025-10-28T22:09:57,20022589,20000002,20000004,True,False,2025-10-28T23:30:00,2025-10-28T21:58:04,
2,2025-10-28T22:36:35,22590,2026,1,Final,2025-10-28T00:00:00,2025-10-28T20:00:00,NY,MIL,6,15,15,111,121,2025-10-28T22:57:08,20022590,20000006,20000015,True,False,2025-10-29T00:00:00,2025-10-28T22:36:35,
3,2025-10-28T22:18:38,22591,2026,1,Final,2025-10-28T00:00:00,2025-10-28T20:00:00,SAC,OKC,30,18,18,101,107,2025-10-28T22:26:16,20022591,20000030,20000018,True,False,2025-10-29T00:00:00,2025-10-28T22:18:38,
4,2025-10-29T01:25:52,22592,2026,1,Final,2025-10-28T00:00:00,2025-10-28T23:00:00,LAC,GS,28,26,51,79,98,2025-10-29T01:45:18,20022592,20000028,20000026,True,False,2025-10-29T03:00:00,2025-10-29T01:25:52,
3,2025-10-29T21:00:39,22596,2026,1,Final,2025-10-29T00:00:00,2025-10-29T18:30:00,HOU,TOR,22,10,10,139,121,2025-10-29T21:07:38,20022596,20000022,20000010,True,False,2025-10-29T22:30:00,2025-10-29T21:00:39,
1,2025-10-29T21:44:35,22594,2026,1,Final,2025-10-29T00:00:00,2025-10-29T19:00:00,ORL,DET,5,14,14,116,135,2025-10-29T21:55:10,20022594,20000005,20000014,True,False,2025-10-29T23:00:00,2025-10-29T21:44:35,
0,2025-10-29T21:36:01,22593,2026,1,Final,2025-10-29T00:00:00,2025-10-29T19:00:00,CLE,BOS,12,9,9,105,125,2025-10-29T21:55:10,20022593,20000012,20000009,True,False,2025-10-29T23:00:00,2025-10-29T21:36:01,
2,2025-10-29T21:59:31,22595,2026,1,Final,2025-10-29T00:00:00,2025-10-29T19:30:00,ATL,BKN,3,8,8,117,112,2025-10-29T22:10:49,20022595,20000003,20000008,True,False,2025-10-29T23:30:00,2025-10-29T21:59:31,
4,2025-10-29T22:19:33,22597,2026,1,Final,2025-10-29T00:00:00,2025-10-29T20:00:00,SAC,CHI,30,11,11,113,126,2025-10-29T22:26:27,20022597,20000030,20000011,True,False,2025-10-30T00:00:00,2025-10-29T22:19:33,
5,2025-10-29T23:15:43,22598,2026,1,Final,2025-10-29T00:00:00,2025-10-29T20:30:00,IND,DAL,13,25,25,105,107,2025-10-29T23:28:46,20022598,20000013,20000025,True,False,2025-10-30T00:30:00,2025-10-29T23:15:43,
7,2025-10-29T23:48:32,22600,2026,1,Final,2025-10-29T00:00:00,2025-10-29T21:00:00,POR,UTA,19,17,17,136,134,2025-10-30T00:00:05,20022600,20000019,20000017,True,False,2025-10-30T01:00:00,2025-10-29T23:48:32,
6,2025-10-29T23:17:08,22599,2026,1,Final,2025-10-29T00:00:00,2025-10-29T21:00:00,NO,DEN,23,20,20,88,122,2025-10-29T23:28:46,20022599,20000023,20000020,True,False,2025-10-30T01:00:00,2025-10-29T23:17:08,
8,2025-10-30T00:07:36,22601,2026,1,Final,2025-10-29T00:00:00,2025-10-29T21:30:00,LAL,MIN,27,16,16,116,115,2025-10-30T00:14:35,20022601,20000027,20000016,True,False,2025-10-30T01:30:00,2025-10-30T00:07:36,
9,2025-10-30T00:26:05,22602,2026,1,Final,2025-10-29T00:00:00,2025-10-29T22:00:00,MEM,PHO,21,29,28,114,113,2025-10-30T00:45:56,20022602,20000021,20000029,True,False,2025-10-30T02:00:00,2025-10-30T00:26:05,
0,2025-10-30T21:23:20,22603,2026,1,Final,2025-10-30T00:00:00,2025-10-30T19:00:00,ORL,CHA,5,2,2,123,107,2025-10-30T21:39:51,20022603,20000005,20000002,True,False,2025-10-30T23:00:00,2025-10-30T21:23:20,
1,2025-10-30T22:33:06,22604,2026,1,Final,2025-10-30T00:00:00,2025-10-30T20:00:00,GS,MIL,26,15,15,110,120,2025-10-30T22:57:21,20022604,20000026,20000015,True,False,2025-10-31T00:00:00,2025-10-30T22:33:06,
2,2025-10-30T22:19:54,22605,2026,1,Final,2025-10-30T00:00:00,2025-10-30T20:00:00,WAS,OKC,1,18,18,108,127,2025-10-30T22:27:10,20022605,20000001,20000018,True,False,2025-10-31T00:00:00,2025-10-30T22:19:54,
3,2025-10-30T22:57:15,22606,2026,1,Final,2025-10-30T00:00:00,2025-10-30T20:30:00,MIA,SA,4,24,24,101,107,2025-10-30T23:12:51,20022606,20000004,20000024,True,False,2025-10-31T00:30:00,2025-10-30T22:57:15,
1,2025-10-31T21:39:58,22486,2026,1,Final,2025-10-31T00:00:00,2025-10-31T19:00:00,BOS,PHI,9,7,7,109,108,2025-10-31T21:58:13,20022486,20000009,20000007,True,False,2025-10-31T23:00:00,2025-10-31T21:39:58,
0,2025-10-31T21:30:24,22485,2026,1,Final,2025-10-31T00:00:00,2025-10-31T19:00:00,ATL,IND,3,13,13,128,108,2025-10-31T21:42:08,20022485,20000003,20000013,True,False,2025-10-31T23:00:00,2025-10-31T21:30:24,
2,2025-10-31T21:58:23,22487,2026,1,Final,2025-10-31T00:00:00,2025-10-31T19:30:00,TOR,CLE,10,12,12,112,101,2025-10-31T22:13:37,20022487,20000010,20000012,True,False,2025-10-31T23:30:00,2025-10-31T21:58:23,
3,2025-10-31T22:40:18,22488,2026,1,Final,2025-10-31T00:00:00,2025-10-31T20:00:00,NY,CHI,6,11,11,125,135,2025-10-31T22:59:59,20022488,20000006,20000011,True,False,2025-11-01T00:00:00,2025-10-31T22:40:18,
4,2025-11-01T00:04:26,22489,2026,1,Final,2025-10-31T00:00:00,2025-10-31T21:30:00,LAL,MEM,27,21,21,117,112,2025-11-01T00:16:53,20022489,20000027,20000021,True,False,2025-11-01T01:30:00,2025-11-01T00:04:26,
6,2025-11-01T00:53:57,22491,2026,1,Final,2025-10-31T00:00:00,2025-10-31T22:00:00,DEN,POR,20,19,19,107,109,2025-11-01T01:03:37,20022491,20000020,20000019,True,False,2025-11-01T02:00:00,2025-11-01T00:53:57,
5,2025-11-01T00:28:43,22490,2026,1,Final,2025-10-31T00:00:00,2025-10-31T22:00:00,UTA,PHO,17,29,28,96,118,2025-11-01T00:48:02,20022490,20000017,20000029,True,False,2025-11-01T02:00:00,2025-11-01T00:28:43,
7,2025-11-01T01:01:19,22492,2026,1,Final,2025-10-31T00:00:00,2025-10-31T22:30:00,NO,LAC,23,28,106,124,126,2025-11-01T01:19:14,20022492,20000023,20000028,True,False,2025-11-01T02:30:00,2025-11-01T01:01:19,
0,2025-11-01T19:47:02,22607,2026,1,Final,2025-11-01T00:00:00,2025-11-01T17:00:00,SAC,MIL,30,15,15,135,133,2025-11-01T19:55:45,20022607,20000030,20000015,True,False,2025-11-01T21:00:00,2025-11-01T19:47:02,
1,2025-11-01T20:29:04,22608,2026,1,Final,2025-11-01T00:00:00,2025-11-01T18:00:00,MIN,CHA,16,2,2,122,105,2025-11-01T20:42:37,20022608,20000016,20000002,True,False,2025-11-01T22:00:00,2025-11-01T20:29:04,
3,2025-11-01T21:18:11,22610,2026,1,Final,2025-11-01T00:00:00,2025-11-01T19:00:00,ORL,WAS,5,1,1,125,94,2025-11-01T21:28:58,20022610,20000005,20000001,True,False,2025-11-01T23:00:00,2025-11-01T21:18:11,
2,2025-11-01T21:38:10,22609,2026,1,Final,2025-11-01T00:00:00,2025-11-01T19:00:00,GS,IND,26,13,13,109,114,2025-11-01T21:44:34,20022609,20000026,20000013,True,False,2025-11-01T23:00:00,2025-11-01T21:38:10,
4,2025-11-01T22:22:10,22611,2026,1,Final,2025-11-01T00:00:00,2025-11-01T20:00:00,HOU,BOS,22,9,9,128,101,2025-11-01T22:31:56,20022611,20000022,20000009,True,False,2025-11-02T00:00:00,2025-11-01T22:22:10,
5,2025-11-02T00:56:45,22612,2026,1,Final,2025-11-01T00:00:00,2025-11-01T22:00:00,DAL,DET,25,14,94,110,122,2025-11-02T01:05:03,20022612,20000025,20000014,True,True,2025-11-02T02:00:00,2025-11-02T00:56:45,
0,2025-11-02T17:53:55,22613,2026,1,Final,2025-11-02T00:00:00,2025-11-02T15:30:00,NO,OKC,23,18,18,106,137,2025-11-02T18:10:28,20022613,20000023,20000018,True,False,2025-11-02T20:30:00,2025-11-02T17:53:55,
1,2025-11-02T20:27:27,22614,2026,1,Final,2025-11-02T00:00:00,2025-11-02T18:00:00,PHI,BKN,7,8,8,129,105,2025-11-02T20:46:14,20022614,20000007,20000008,True,False,2025-11-02T23:00:00,2025-11-02T20:27:27,
4,2025-11-02T20:25:58,22617,2026,1,Final,2025-11-02T00:00:00,2025-11-02T18:00:00,MEM,TOR,21,10,10,104,117,2025-11-02T20:46:14,20022617,20000021,20000010,True,False,2025-11-02T23:00:00,2025-11-02T20:25:58,
3,2025-11-02T20:39:34,22616,2026,1,Final,2025-11-02T00:00:00,2025-11-02T18:00:00,ATL,CLE,3,12,12,109,117,2025-11-02T20:48:44,20022616,20000003,20000012,True,False,2025-11-02T23:00:00,2025-11-02T20:39:34,
2,2025-11-02T20:32:07,22615,2026,1,Final,2025-11-02T00:00:00,2025-11-02T18:00:00,UTA,CHA,17,2,2,103,126,2025-11-02T20:46:14,20022615,20000017,20000002,True,False,2025-11-02T23:00:00,2025-11-02T20:32:07,
5,2025-11-02T21:28:20,22618,2026,1,Final,2025-11-02T00:00:00,2025-11-02T19:00:00,CHI,NY,11,6,6,116,128,2025-11-02T21:48:26,20022618,20000011,20000006,True,False,2025-11-03T00:00:00,2025-11-02T21:28:20,
6,2025-11-02T22:28:46,22619,2026,1,Final,2025-11-02T00:00:00,2025-11-02T20:00:00,SA,PHO,24,29,28,118,130,2025-11-02T22:35:03,20022619,20000024,20000029,True,False,2025-11-03T01:00:00,2025-11-02T22:28:46,
7,2025-11-03T00:05:54,22620,2026,1,Final,2025-11-02T00:00:00,2025-11-02T21:30:00,MIA,LAL,4,27,27,120,130,2025-11-03T00:22:41,20022620,20000004,20000027,True,False,2025-11-03T02:30:00,2025-11-03T00:05:54,
1,2025-11-03T21:41:17,22622,2026,1,Final,2025-11-03T00:00:00,2025-11-03T19:00:00,MIL,IND,15,13,13,117,115,2025-11-03T21:49:19,20022622,20000015,20000013,True,False,2025-11-04T00:00:00,2025-11-03T21:41:17,
0,2025-11-03T21:46:24,22621,2026,1,Final,2025-11-03T00:00:00,2025-11-03T19:00:00,MIN,BKN,16,8,8,125,109,2025-11-03T22:05:10,20022621,20000016,20000008,True,False,2025-11-04T00:00:00,2025-11-03T21:46:24,
3,2025-11-03T21:58:17,22624,2026,1,Final,2025-11-03T00:00:00,2025-11-03T19:30:00,WAS,NY,1,6,6,102,119,2025-11-03T22:05:21,20022624,20000001,20000006,True,False,2025-11-04T00:30:00,2025-11-03T21:58:17,
2,2025-11-03T22:11:01,22623,2026,1,Final,2025-11-03T00:00:00,2025-11-03T19:30:00,UTA,BOS,17,9,9,105,103,2025-11-03T22:21:21,20022623,20000017,20000009,True,False,2025-11-04T00:30:00,2025-11-03T22:11:01,
5,2025-11-03T22:33:41,22626,2026,1,Final,2025-11-03T00:00:00,2025-11-03T20:00:00,DET,MEM,14,21,21,114,106,2025-11-03T22:52:25,20022626,20000014,20000021,True,False,2025-11-04T01:00:00,2025-11-03T22:33:41,
4,2025-11-03T22:40:11,22625,2026,1,Final,2025-11-03T00:00:00,2025-11-03T20:00:00,DAL,HOU,25,22,22,102,110,2025-11-03T22:52:25,20022625,20000025,20000022,True,False,2025-11-04T01:00:00,2025-11-03T22:40:11,
6,2025-11-03T23:25:48,22627,2026,1,Final,2025-11-03T00:00:00,2025-11-03T21:00:00,SAC,DEN,30,20,20,124,130,2025-11-03T23:38:56,20022627,20000030,20000020,True,False,2025-11-04T02:00:00,2025-11-03T23:25:48,
7,2025-11-04T00:27:58,22628,2026,1,Final,2025-11-03T00:00:00,2025-11-03T22:00:00,LAL,POR,27,19,19,123,115,2025-11-04T00:39:28,20022628,20000027,20000019,True,False,2025-11-04T03:00:00,2025-11-04T00:27:58,
8,2025-11-04T00:56:57,22629,2026,1,Final,2025-11-03T00:00:00,2025-11-03T22:30:00,MIA,LAC,4,28,106,120,119,2025-11-04T01:10:54,20022629,20000004,20000028,True,False,2025-11-04T03:30:00,2025-11-04T00:56:57,
0,2025-11-04T22:01:55,22630,2026,1,Final,2025-11-04T00:00:00,2025-11-04T19:30:00,MIL,TOR,15,10,10,100,128,2025-11-04T22:22:08,20022630,20000015,20000010,True,False,2025-11-05T00:30:00,2025-11-04T22:01:55,
3,2025-11-04T22:31:46,22633,2026,1,Final,2025-11-04T00:00:00,2025-11-04T20:00:00,CHA,NO,2,23,23,112,116,2025-11-04T22:42:16,20022633,20000002,20000023,True,False,2025-11-05T01:00:00,2025-11-04T22:31:46,
2,2025-11-04T22:28:50,22632,2026,1,Final,2025-11-04T00:00:00,2025-11-04T20:00:00,PHI,CHI,7,11,11,111,113,2025-11-04T22:37:58,20022632,20000007,20000011,True,False,2025-11-05T01:00:00,2025-11-04T22:28:50,
1,2025-11-04T22:51:57,22631,2026,1,Final,2025-11-04T00:00:00,2025-11-04T20:00:00,ORL,ATL,5,3,3,112,127,2025-11-04T23:09:10,20022631,20000005,20000003,True,False,2025-11-05T01:00:00,2025-11-04T22:51:57,
4,2025-11-05T00:32:32,22634,2026,1,Final,2025-11-04T00:00:00,2025-11-04T22:00:00,PHO,GS,29,26,51,107,118,2025-11-05T00:40:37,20022634,20000029,20000026,True,False,2025-11-05T03:00:00,2025-11-05T00:32:32,
5,2025-11-05T01:34:15,22635,2026,1,Final,2025-11-04T00:00:00,2025-11-04T23:00:00,OKC,LAC,18,28,106,126,107,2025-11-05T01:43:03,20022635,20000018,20000028,True,False,2025-11-05T04:00:00,2025-11-05T01:34:15,
0,2025-11-05T21:39:04,22636,2026,1,Final,2025-11-05T00:00:00,2025-11-05T19:00:00,PHI,CLE,7,12,12,121,132,2025-11-05T21:52:38,20022636,20000007,20000012,True,False,2025-11-06T00:00:00,2025-11-05T21:39:04,
1,2025-11-05T21:30:36,22637,2026,1,Final,2025-11-05T00:00:00,2025-11-05T19:00:00,UTA,DET,17,14,14,103,114,2025-11-05T21:36:39,20022637,20000017,20000014,True,False,2025-11-06T00:00:00,2025-11-05T21:30:36,
2,2025-11-05T21:37:26,22638,2026,1,Final,2025-11-05T00:00:00,2025-11-05T19:00:00,BKN,IND,8,13,13,112,103,2025-11-05T21:52:38,20022638,20000008,20000013,True,False,2025-11-06T00:00:00,2025-11-05T21:37:26,
4,2025-11-05T22:02:27,22640,2026,1,Final,2025-11-05T00:00:00,2025-11-05T19:30:00,MIN,NY,16,6,6,114,137,2025-11-05T22:11:08,20022640,20000016,20000006,True,False,2025-11-06T00:30:00,2025-11-05T22:02:27,
3,2025-11-05T21:54:10,22639,2026,1,Final,2025-11-05T00:00:00,2025-11-05T19:30:00,WAS,BOS,1,9,9,107,136,2025-11-05T22:08:09,20022639,20000001,20000009,True,False,2025-11-06T00:30:00,2025-11-05T21:54:10,
5,2025-11-05T22:23:48,22641,2026,1,Final,2025-11-05T00:00:00,2025-11-05T20:00:00,HOU,MEM,22,21,21,124,109,2025-11-05T22:41:21,20022641,20000022,20000021,True,False,2025-11-06T01:00:00,2025-11-05T22:23:48,
6,2025-11-05T22:52:18,22642,2026,1,Final,2025-11-05T00:00:00,2025-11-05T20:30:00,NO,DAL,23,25,25,101,99,2025-11-05T23:10:43,20022642,20000023,20000025,True,False,2025-11-06T01:30:00,2025-11-05T22:52:18,
7,2025-11-05T23:26:55,22643,2026,1,Final,2025-11-05T00:00:00,2025-11-05T21:00:00,MIA,DEN,4,20,20,112,122,2025-11-05T23:41:55,20022643,20000004,20000020,True,False,2025-11-06T02:00:00,2025-11-05T23:26:55,
10,2025-11-06T00:38:10,22646,2026,1,Final,2025-11-05T00:00:00,2025-11-05T22:00:00,GS,SAC,26,30,29,116,121,2025-11-06T00:58:18,20022646,20000026,20000030,True,False,2025-11-06T03:00:00,2025-11-06T00:38:10,
8,2025-11-06T01:10:17,22644,2026,1,Final,2025-11-05T00:00:00,2025-11-05T22:00:00,SA,LAL,24,27,27,116,118,2025-11-06T01:29:30,20022644,20000024,20000027,True,False,2025-11-06T03:00:00,2025-11-06T01:10:17,
9,2025-11-06T00:47:26,22645,2026,1,Final,2025-11-05T00:00:00,2025-11-05T22:00:00,OKC,POR,18,19,19,119,121,2025-11-06T00:58:18,20022645,20000018,20000019,True,False,2025-11-06T03:00:00,2025-11-06T00:47:26,
0,2025-11-06T23:28:09,22647,2026,1,Final,2025-11-06T00:00:00,2025-11-06T21:00:00,LAC,PHO,28,29,28,102,115,2025-11-06T23:42:55,20022647,20000028,20000029,True,False,2025-11-07T02:00:00,2025-11-06T23:28:09,
0,2025-11-07T21:31:08,22493,2026,1,Final,2025-11-07T00:00:00,2025-11-07T19:00:00,BOS,ORL,9,5,5,110,123,2025-11-07T21:39:23,20022493,20000009,20000005,True,False,2025-11-08T00:00:00,2025-11-07T21:31:08,
1,2025-11-07T21:26:03,22494,2026,1,Final,2025-11-07T00:00:00,2025-11-07T19:00:00,CLE,WAS,12,1,1,148,115,2025-11-08T11:52:02,20022494,20000012,20000001,True,False,2025-11-08T00:00:00,2025-11-07T21:26:03,
2,2025-11-07T21:57:19,22495,2026,1,Final,2025-11-07T00:00:00,2025-11-07T19:30:00,TOR,ATL,10,3,3,109,97,2025-11-07T22:10:21,20022495,20000010,20000003,True,False,2025-11-08T00:30:00,2025-11-07T21:57:19,
3,2025-11-07T22:07:16,22496,2026,1,Final,2025-11-07T00:00:00,2025-11-07T19:30:00,DET,BKN,14,8,8,125,107,2025-11-07T22:26:01,20022496,20000014,20000008,True,False,2025-11-08T00:30:00,2025-11-07T22:07:16,
4,2025-11-07T22:10:41,22497,2026,1,Final,2025-11-07T00:00:00,2025-11-07T19:30:00,HOU,SA,22,24,24,110,121,2025-11-07T22:26:01,20022497,20000022,20000024,True,False,2025-11-08T00:30:00,2025-11-07T22:10:41,
5,2025-11-07T22:31:31,22498,2026,1,Final,2025-11-07T00:00:00,2025-11-07T20:00:00,CHA,MIA,2,4,4,108,126,2025-11-07T22:57:54,20022498,20000002,20000004,True,False,2025-11-08T01:00:00,2025-11-07T22:31:31,
7,2025-11-07T22:20:08,22500,2026,1,Final,2025-11-07T00:00:00,2025-11-07T20:00:00,CHI,MIL,11,15,15,110,126,2025-11-07T22:29:05,20022500,20000011,20000015,True,False,2025-11-08T01:00:00,2025-11-07T22:20:08,
8,2025-11-07T22:26:36,22501,2026,1,Final,2025-11-07T00:00:00,2025-11-07T20:00:00,UTA,MIN,17,16,16,97,137,2025-11-07T22:41:58,20022501,20000017,20000016,True,False,2025-11-08T01:00:00,2025-11-07T22:26:36,
6,2025-11-07T22:29:40,22499,2026,1,Final,2025-11-07T00:00:00,2025-11-07T20:00:00,DAL,MEM,25,21,21,104,118,2025-11-07T22:41:58,20022499,20000025,20000021,True,False,2025-11-08T01:00:00,2025-11-07T22:29:40,
9,2025-11-08T00:24:34,22502,2026,1,Final,2025-11-07T00:00:00,2025-11-07T22:00:00,GS,DEN,26,20,20,104,129,2025-11-08T00:31:26,20022502,20000026,20000020,True,False,2025-11-08T03:00:00,2025-11-08T00:24:34,
10,2025-11-08T00:24:20,22503,2026,1,Final,2025-11-07T00:00:00,2025-11-07T22:00:00,OKC,SAC,18,30,29,132,101,2025-11-08T00:36:01,20022503,20000018,20000030,True,False,2025-11-08T03:00:00,2025-11-08T00:24:20,
0,2025-11-08T21:29:12,22648,2026,1,Final,2025-11-08T00:00:00,2025-11-08T19:00:00,DAL,WAS,25,1,1,111,105,2025-11-08T21:42:22,20022648,20000025,20000001,True,False,2025-11-09T00:00:00,2025-11-08T21:29:12,
1,2025-11-08T22:07:29,22649,2026,1,Final,2025-11-08T00:00:00,2025-11-08T19:30:00,TOR,PHI,10,7,7,120,130,2025-11-08T22:14:11,20022649,20000010,20000007,True,False,2025-11-09T00:30:00,2025-11-08T22:07:29,
2,2025-11-08T22:11:09,22650,2026,1,Final,2025-11-08T00:00:00,2025-11-08T20:00:00,LAL,ATL,27,3,3,102,122,2025-11-08T22:29:05,20022650,20000027,20000003,True,False,2025-11-09T01:00:00,2025-11-08T22:11:09,
5,2025-11-08T22:26:09,22653,2026,1,Final,2025-11-08T00:00:00,2025-11-08T20:00:00,NO,SA,23,24,24,119,126,2025-11-08T22:44:45,20022653,20000023,20000024,True,False,2025-11-09T01:00:00,2025-11-08T22:26:09,
4,2025-11-08T22:39:18,22652,2026,1,Final,2025-11-08T00:00:00,2025-11-08T20:00:00,POR,MIA,19,4,4,131,136,2025-11-08T22:45:37,20022652,20000019,20000004,True,False,2025-11-09T01:00:00,2025-11-08T22:39:18,
3,2025-11-08T22:45:16,22651,2026,1,Final,2025-11-08T00:00:00,2025-11-08T20:00:00,CHI,CLE,11,12,12,122,128,2025-11-08T23:00:46,20022651,20000011,20000012,True,False,2025-11-09T01:00:00,2025-11-08T22:45:16,
6,2025-11-08T23:36:11,22654,2026,1,Final,2025-11-08T00:00:00,2025-11-08T21:00:00,IND,DEN,13,20,20,100,117,2025-11-08T23:47:33,20022654,20000013,20000020,True,False,2025-11-09T02:00:00,2025-11-08T23:36:11,
7,2025-11-09T01:05:19,22655,2026,1,Final,2025-11-08T00:00:00,2025-11-08T22:30:00,PHO,LAC,29,28,106,114,103,2025-11-09T01:18:02,20022655,20000029,20000028,True,False,2025-11-09T03:30:00,2025-11-09T01:05:19,
0,2025-11-09T18:08:17,22656,2026,1,Final,2025-11-09T00:00:00,2025-11-09T15:30:00,HOU,MIL,22,15,15,122,115,2025-11-09T18:21:53,20022656,20000022,20000015,True,False,2025-11-09T20:30:00,2025-11-09T18:08:17,
3,2025-11-09T20:24:32,22659,2026,1,Final,2025-11-09T00:00:00,2025-11-09T18:00:00,OKC,MEM,18,21,21,114,100,2025-11-09T20:41:30,20022659,20000018,20000021,True,False,2025-11-09T23:00:00,2025-11-09T20:24:32,
2,2025-11-09T20:40:56,22658,2026,1,Final,2025-11-09T00:00:00,2025-11-09T18:00:00,BOS,ORL,9,5,5,111,107,2025-11-09T20:57:17,20022658,20000009,20000005,True,False,2025-11-09T23:00:00,2025-11-09T20:40:56,
1,2025-11-09T20:28:36,22657,2026,1,Final,2025-11-09T00:00:00,2025-11-09T18:00:00,BKN,NY,8,6,6,98,134,2025-11-09T20:41:30,20022657,20000008,20000006,True,False,2025-11-09T23:00:00,2025-11-09T20:28:36,
4,2025-11-09T22:04:38,22660,2026,1,Final,2025-11-09T00:00:00,2025-11-09T19:30:00,DET,PHI,14,7,7,111,108,2025-11-09T22:15:30,20022660,20000014,20000007,True,False,2025-11-10T00:30:00,2025-11-09T22:04:38,
5,2025-11-09T23:01:56,22661,2026,1,Final,2025-11-09T00:00:00,2025-11-09T20:30:00,IND,GS,13,26,51,83,114,2025-11-09T23:17:25,20022661,20000013,20000026,True,False,2025-11-10T01:30:00,2025-11-09T23:01:56,
6,2025-11-09T23:24:43,22662,2026,1,Final,2025-11-09T00:00:00,2025-11-09T21:00:00,MIN,SAC,16,30,29,144,117,2025-11-09T23:48:48,20022662,20000016,20000030,True,False,2025-11-10T02:00:00,2025-11-09T23:24:43,
1,2025-11-10T22:10:13,22664,2026,1,F/OT,2025-11-10T00:00:00,2025-11-10T19:00:00,WAS,DET,1,14,14,135,137,2025-11-10T22:16:33,20022664,20000001,20000014,True,False,2025-11-11T00:00:00,2025-11-10T22:10:13,
2,2025-11-10T21:40:02,22665,2026,1,Final,2025-11-10T00:00:00,2025-11-10T19:00:00,POR,ORL,19,5,5,112,115,2025-11-10T21:45:53,20022665,20000019,20000005,True,False,2025-11-11T00:00:00,2025-11-10T21:40:02,
0,2025-11-10T21:27:12,22663,2026,1,Final,2025-11-10T00:00:00,2025-11-10T19:00:00,LAL,CHA,27,2,2,121,111,2025-11-10T21:45:38,20022663,20000027,20000002,True,False,2025-11-11T00:00:00,2025-11-10T21:27:12,
3,2025-11-10T22:39:15,22666,2026,1,F/OT,2025-11-10T00:00:00,2025-11-10T19:30:00,CLE,MIA,12,4,4,138,140,2025-11-10T22:47:54,20022666,20000012,20000004,True,False,2025-11-11T00:30:00,2025-11-10T22:39:15,
4,2025-11-10T22:25:19,22667,2026,1,Final,2025-11-10T00:00:00,2025-11-10T20:00:00,SA,CHI,24,11,11,121,117,2025-11-10T22:31:53,20022667,20000024,20000011,True,False,2025-11-11T01:00:00,2025-11-10T22:25:19,
5,2025-11-10T23:08:11,22668,2026,1,Final,2025-11-10T00:00:00,2025-11-10T20:30:00,MIL,DAL,15,25,25,116,114,2025-11-10T23:18:34,20022668,20000015,20000025,True,False,2025-11-11T01:30:00,2025-11-10T23:08:11,
7,2025-11-10T23:28:11,22670,2026,1,Final,2025-11-10T00:00:00,2025-11-10T21:00:00,MIN,UTA,16,17,17,120,113,2025-11-10T23:36:56,20022670,20000016,20000017,True,False,2025-11-11T02:00:00,2025-11-10T23:28:11,
6,2025-11-10T23:26:12,22669,2026,1,Final,2025-11-10T00:00:00,2025-11-10T21:00:00,NO,PHO,23,29,28,98,121,2025-11-10T23:34:07,20022669,20000023,20000029,True,False,2025-11-11T02:00:00,2025-11-10T23:26:12,
8,2025-11-11T01:03:15,22671,2026,1,Final,2025-11-10T00:00:00,2025-11-10T22:30:00,ATL,LAC,3,28,106,105,102,2025-11-11T01:21:46,20022671,20000003,20000028,True,False,2025-11-11T03:30:00,2025-11-11T01:03:15,
1,2025-11-11T21:58:07,22673,2026,1,Final,2025-11-11T00:00:00,2025-11-11T19:30:00,MEM,NY,21,6,6,120,133,2025-11-11T22:17:41,20022673,20000021,20000006,True,False,2025-11-12T00:30:00,2025-11-11T21:58:07,
0,2025-11-11T22:06:35,22672,2026,1,Final,2025-11-11T00:00:00,2025-11-11T19:30:00,TOR,BKN,10,8,8,119,109,2025-11-11T22:17:41,20022672,20000010,20000008,True,False,2025-11-12T00:30:00,2025-11-11T22:06:35,
2,2025-11-11T22:33:02,22674,2026,1,Final,2025-11-11T00:00:00,2025-11-11T20:00:00,BOS,PHI,9,7,7,100,102,2025-11-11T22:49:21,20022674,20000009,20000007,True,False,2025-11-12T01:00:00,2025-11-11T22:33:02,
3,2025-11-11T22:30:07,22675,2026,1,Final,2025-11-11T00:00:00,2025-11-11T20:00:00,GS,OKC,26,18,18,102,126,2025-11-11T22:49:21,20022675,20000026,20000018,True,False,2025-11-12T01:00:00,2025-11-11T22:30:07,
4,2025-11-11T23:38:35,22676,2026,1,Final,2025-11-11T00:00:00,2025-11-11T21:00:00,IND,UTA,13,17,17,128,152,2025-11-11T23:51:16,20022676,20000013,20000017,True,False,2025-11-12T02:00:00,2025-11-11T23:38:35,
5,2025-11-12T01:36:04,22677,2026,1,Final,2025-11-11T00:00:00,2025-11-11T23:00:00,DEN,SAC,20,30,29,122,108,2025-11-12T01:53:26,20022677,20000020,20000030,True,False,2025-11-12T04:00:00,2025-11-12T01:36:04,
2,2025-11-12T21:40:13,22680,2026,1,Final,2025-11-12T00:00:00,2025-11-12T19:00:00,ORL,NY,5,6,6,124,107,2025-11-12T21:47:53,20022680,20000005,20000006,True,False,2025-11-13T00:00:00,2025-11-12T21:40:13,
1,2025-11-12T21:28:00,22679,2026,1,Final,2025-11-12T00:00:00,2025-11-12T19:00:00,CHI,DET,11,14,14,113,124,2025-11-12T21:47:53,20022679,20000011,20000014,True,False,2025-11-13T00:00:00,2025-11-12T21:28:00,
0,2025-11-12T21:24:37,22678,2026,1,Final,2025-11-12T00:00:00,2025-11-12T19:00:00,MIL,CHA,15,2,2,100,111,2025-11-12T21:32:14,20022678,20000015,20000002,True,False,2025-11-13T00:00:00,2025-11-12T21:24:37,
4,2025-11-12T21:57:44,22682,2026,1,Final,2025-11-12T00:00:00,2025-11-12T19:30:00,CLE,MIA,12,4,4,130,116,2025-11-12T22:03:56,20022682,20000012,20000004,True,False,2025-11-13T00:30:00,2025-11-12T21:57:44,
3,2025-11-12T21:46:14,22681,2026,1,Final,2025-11-12T00:00:00,2025-11-12T19:30:00,MEM,BOS,21,9,9,95,131,2025-11-12T22:03:33,20022681,20000021,20000009,True,False,2025-11-13T00:30:00,2025-11-12T21:46:14,
7,2025-11-12T22:49:34,22685,2026,1,Final,2025-11-12T00:00:00,2025-11-12T20:00:00,GS,SA,26,24,24,125,120,2025-11-12T23:22:43,20022685,20000026,20000024,True,False,2025-11-13T01:00:00,2025-11-12T22:49:34,
5,2025-11-12T22:23:10,22683,2026,1,Final,2025-11-12T00:00:00,2025-11-12T20:00:00,WAS,HOU,1,22,22,112,135,2025-11-12T22:35:43,20022683,20000001,20000022,True,False,2025-11-13T01:00:00,2025-11-12T22:23:10,
6,2025-11-12T22:25:17,22684,2026,1,Final,2025-11-12T00:00:00,2025-11-12T20:00:00,POR,NO,19,23,23,125,117,2025-11-12T22:35:43,20022684,20000019,20000023,True,False,2025-11-13T01:00:00,2025-11-12T22:25:17,
8,2025-11-12T23:08:09,22686,2026,1,Final,2025-11-12T00:00:00,2025-11-12T20:30:00,PHO,DAL,29,25,25,123,114,2025-11-12T23:22:43,20022686,20000029,20000025,True,False,2025-11-13T01:30:00,2025-11-12T23:08:09,
9,2025-11-13T00:02:47,22687,2026,1,Final,2025-11-12T00:00:00,2025-11-12T21:47:00,LAL,OKC,27,18,18,92,121,2025-12-05T04:49:02,20022687,20000027,20000018,True,False,2025-11-13T02:47:00,2025-11-13T00:02:47,
10,2025-11-13T00:21:34,22688,2026,1,Final,2025-11-12T00:00:00,2025-11-12T22:00:00,ATL,SAC,3,30,29,133,100,2025-11-13T00:38:32,20022688,20000003,20000030,True,False,2025-11-13T03:00:00,2025-11-13T00:21:34,
11,2025-11-13T01:00:34,22689,2026,1,Final,2025-11-12T00:00:00,2025-11-12T22:30:00,DEN,LAC,20,28,106,130,116,2025-11-13T01:09:42,20022689,20000020,20000028,True,False,2025-11-13T03:30:00,2025-11-13T01:00:34,
0,2025-11-13T21:31:32,22690,2026,1,Final,2025-11-13T00:00:00,2025-11-13T19:00:00,TOR,CLE,10,12,12,126,113,2025-11-13T21:47:58,20022690,20000010,20000012,True,False,2025-11-14T00:00:00,2025-11-13T21:31:32,
2,2025-11-13T23:33:48,22692,2026,1,Final,2025-11-13T00:00:00,2025-11-13T21:00:00,ATL,UTA,3,17,17,132,122,2025-11-13T23:51:59,20022692,20000003,20000017,True,False,2025-11-14T02:00:00,2025-11-13T23:33:48,
1,2025-11-13T23:33:50,22691,2026,1,Final,2025-11-13T00:00:00,2025-11-13T21:00:00,IND,PHO,13,29,28,98,133,2025-11-13T23:51:59,20022691,20000013,20000029,True,False,2025-11-14T02:00:00,2025-11-13T23:33:50,
0,2025-11-14T21:53:28,22504,2026,1,Final,2025-11-14T00:00:00,2025-11-14T19:00:00,MIA,NY,4,6,6,132,140,2025-11-14T22:05:53,20022504,20000004,20000006,True,False,2025-11-15T00:00:00,2025-11-14T21:53:28,
1,2025-11-14T21:33:00,22505,2026,1,Final,2025-11-14T00:00:00,2025-11-14T19:00:00,BKN,ORL,8,5,5,98,105,2025-11-14T21:50:09,20022505,20000008,20000005,True,False,2025-11-15T00:00:00,2025-11-14T21:33:00,
2,2025-11-14T21:54:24,22506,2026,1,Final,2025-11-14T00:00:00,2025-11-14T19:30:00,PHI,DET,7,14,14,105,114,2025-11-14T22:05:53,20022506,20000007,20000014,True,False,2025-11-15T00:30:00,2025-11-14T21:54:24,
4,2025-11-14T22:52:01,22508,2026,1,F/OT,2025-11-14T00:00:00,2025-11-14T20:00:00,CHA,MIL,2,15,15,134,147,2025-11-14T23:08:32,20022508,20000002,20000015,True,False,2025-11-15T01:00:00,2025-11-14T22:52:01,
3,2025-11-14T22:26:24,22507,2026,1,Final,2025-11-14T00:00:00,2025-11-14T20:00:00,POR,HOU,19,22,22,116,140,2025-11-14T22:37:21,20022507,20000019,20000022,True,False,2025-11-15T01:00:00,2025-11-14T22:26:24,
6,2025-11-14T22:29:10,22510,2026,1,Final,2025-11-14T00:00:00,2025-11-14T20:00:00,LAL,NO,27,23,23,118,104,2025-11-14T22:37:21,20022510,20000027,20000023,True,False,2025-11-15T01:00:00,2025-11-14T22:29:10,
5,2025-11-14T22:31:48,22509,2026,1,Final,2025-11-14T00:00:00,2025-11-14T20:00:00,SAC,MIN,30,16,16,110,124,2025-11-14T22:53:03,20022509,20000030,20000016,True,False,2025-11-15T01:00:00,2025-11-14T22:31:48,
7,2025-11-14T23:51:00,22511,2026,1,F/OT,2025-11-14T00:00:00,2025-11-14T20:30:00,LAC,DAL,28,25,25,133,127,2025-11-15T00:09:58,20022511,20000028,20000025,True,False,2025-11-15T01:30:00,2025-11-14T23:51:00,
8,2025-11-15T00:12:07,22512,2026,1,Final,2025-11-14T00:00:00,2025-11-14T21:30:00,GS,SA,26,24,24,109,108,2025-11-15T00:25:38,20022512,20000026,20000024,True,False,2025-11-15T02:30:00,2025-11-15T00:12:07,
0,2025-11-15T19:35:49,22693,2026,1,Final,2025-11-15T00:00:00,2025-11-15T17:00:00,MEM,CLE,21,12,12,100,108,2025-11-15T19:48:41,20022693,20000021,20000012,True,False,2025-11-15T22:00:00,2025-11-15T19:35:49,
2,2025-11-15T21:41:24,22695,2026,1,Final,2025-11-15T00:00:00,2025-11-15T19:00:00,TOR,IND,10,13,13,129,111,2025-11-15T21:53:02,20022695,20000010,20000013,True,False,2025-11-16T00:00:00,2025-11-15T21:41:24,
1,2025-11-15T21:09:24,22694,2026,1,Final,2025-11-15T00:00:00,2025-11-15T19:00:00,OKC,CHA,18,2,2,109,96,2025-11-15T21:21:51,20022694,20000018,20000002,True,False,2025-11-16T00:00:00,2025-11-15T21:09:24,
4,2025-11-15T23:08:47,22697,2026,1,Final,2025-11-15T00:00:00,2025-11-15T20:00:00,DEN,MIN,20,16,16,123,112,2025-11-16T22:56:57,20022697,20000020,20000016,True,False,2025-11-16T01:00:00,2025-11-15T23:08:47,
3,2025-11-15T22:29:35,22696,2026,1,Final,2025-11-15T00:00:00,2025-11-15T20:00:00,LAL,MIL,27,15,15,119,95,2025-11-15T22:39:39,20022696,20000027,20000015,True,False,2025-11-16T01:00:00,2025-11-15T22:29:35,
0,2025-11-16T18:08:58,22698,2026,1,Final,2025-11-16T00:00:00,2025-11-16T15:30:00,LAC,BOS,28,9,9,118,121,2025-11-16T18:16:26,20022698,20000028,20000009,True,False,2025-11-16T20:30:00,2025-11-16T18:08:58,
1,2025-11-16T18:18:50,22699,2026,1,Final,2025-11-16T00:00:00,2025-11-16T16:00:00,SAC,SA,30,24,24,110,123,2025-11-16T18:32:17,20022699,20000030,20000024,True,False,2025-11-16T21:00:00,2025-11-16T18:18:50,
2,2025-11-16T20:31:20,22700,2026,1,Final,2025-11-16T00:00:00,2025-11-16T18:00:00,BKN,WAS,8,1,1,129,106,2025-11-16T20:51:52,20022700,20000008,20000001,True,False,2025-11-16T23:00:00,2025-11-16T20:31:20,
3,2025-11-16T22:03:41,22701,2026,1,F/OT,2025-11-16T00:00:00,2025-11-16T19:00:00,ORL,HOU,5,22,22,113,117,2025-11-16T22:10:02,20022701,20000005,20000022,True,False,2025-11-17T00:00:00,2025-11-16T22:03:41,
4,2025-11-16T21:26:24,22702,2026,1,Final,2025-11-16T00:00:00,2025-11-16T19:00:00,GS,NO,26,23,23,124,106,2025-11-16T21:38:33,20022702,20000026,20000023,True,False,2025-11-17T00:00:00,2025-11-16T21:26:24,
5,2025-11-16T22:32:45,22703,2026,1,F/OT,2025-11-16T00:00:00,2025-11-16T19:30:00,POR,DAL,19,25,25,133,138,2025-11-16T22:40:55,20022703,20000019,20000025,True,False,2025-11-17T00:30:00,2025-11-16T22:32:45,
6,2025-11-16T22:43:28,22704,2026,1,Final,2025-11-16T00:00:00,2025-11-16T20:00:00,ATL,PHO,3,29,28,124,122,2025-11-16T22:56:57,20022704,20000003,20000029,True,False,2025-11-17T01:00:00,2025-11-16T22:43:28,
7,2025-11-16T23:21:49,22705,2026,1,F/OT,2025-11-16T00:00:00,2025-11-16T20:00:00,CHI,UTA,11,17,17,147,150,2025-11-16T23:28:56,20022705,20000011,20000017,True,False,2025-11-17T01:00:00,2025-11-16T23:21:49,
1,2025-11-17T21:44:41,22707,2026,1,Final,2025-11-17T00:00:00,2025-11-17T19:00:00,IND,DET,13,14,14,112,127,2025-11-17T22:27:27,20022707,20000013,20000014,True,False,2025-11-18T00:00:00,2025-11-17T21:44:41,
2,2025-11-17T21:37:00,22708,2026,1,Final,2025-11-17T00:00:00,2025-11-17T19:00:00,LAC,PHI,28,7,7,108,110,2025-11-17T21:56:02,20022708,20000028,20000007,True,False,2025-11-18T00:00:00,2025-11-17T21:37:00,
0,2025-11-17T21:28:55,22706,2026,1,Final,2025-11-17T00:00:00,2025-11-17T19:00:00,MIL,CLE,15,12,12,106,118,2025-11-17T22:27:27,20022706,20000015,20000012,True,False,2025-11-18T00:00:00,2025-11-17T21:28:55,
3,2025-11-17T22:00:23,22709,2026,1,Final,2025-11-17T00:00:00,2025-11-17T19:30:00,NY,MIA,6,4,4,113,115,2025-11-17T22:11:47,20022709,20000006,20000004,True,False,2025-11-18T00:30:00,2025-11-17T22:00:23,
4,2025-11-17T22:09:10,22710,2026,1,Final,2025-11-17T00:00:00,2025-11-17T19:30:00,CHA,TOR,2,10,10,108,110,2025-11-17T22:27:27,20022710,20000002,20000010,True,False,2025-11-18T00:30:00,2025-11-17T22:09:10,
5,2025-11-17T22:27:32,22711,2026,1,Final,2025-11-17T00:00:00,2025-11-17T20:00:00,DAL,MIN,25,16,16,96,120,2025-11-17T22:43:44,20022711,20000025,20000016,True,False,2025-11-18T01:00:00,2025-11-17T22:27:32,
6,2025-11-17T22:33:51,22712,2026,1,Final,2025-11-17T00:00:00,2025-11-17T20:00:00,OKC,NO,18,23,23,126,109,2025-11-17T22:43:44,20022712,20000018,20000023,True,False,2025-11-18T01:00:00,2025-11-17T22:33:51,
7,2025-11-17T23:33:31,22713,2026,1,Final,2025-11-17T00:00:00,2025-11-17T21:00:00,CHI,DEN,11,20,20,130,127,2025-11-17T23:45:31,20022713,20000011,20000020,True,False,2025-11-18T02:00:00,2025-11-17T23:33:31,
0,2025-11-18T21:32:27,22714,2026,1,Final,2025-11-18T00:00:00,2025-11-18T19:00:00,GS,ORL,26,5,5,113,121,2025-11-18T21:41:40,20022714,20000026,20000005,True,False,2025-11-19T00:00:00,2025-11-18T21:32:27,
2,2025-11-18T22:01:50,22716,2026,1,Final,2025-11-18T00:00:00,2025-11-18T19:30:00,DET,ATL,14,3,3,120,112,2025-11-18T22:13:18,20022716,20000014,20000003,True,False,2025-11-19T00:30:00,2025-11-18T22:01:50,
1,2025-11-18T21:59:01,22715,2026,1,Final,2025-11-18T00:00:00,2025-11-18T19:30:00,BOS,BKN,9,8,8,113,99,2025-11-18T22:13:18,20022715,20000009,20000008,True,False,2025-11-19T00:30:00,2025-11-18T21:59:01,
3,2025-11-18T22:24:02,22717,2026,1,Final,2025-11-18T00:00:00,2025-11-18T20:00:00,MEM,SA,21,24,24,101,111,2025-11-18T22:44:07,20022717,20000021,20000024,True,False,2025-11-19T01:00:00,2025-11-18T22:24:02,
4,2025-11-19T01:23:03,22718,2026,1,Final,2025-11-18T00:00:00,2025-11-18T22:30:00,UTA,LAL,17,27,27,126,140,2025-11-19T01:33:18,20022718,20000017,20000027,True,False,2025-11-19T03:30:00,2025-11-19T01:23:03,
5,2025-11-19T01:30:58,22719,2026,1,Final,2025-11-18T00:00:00,2025-11-18T23:00:00,PHO,POR,29,19,19,127,110,2025-11-19T01:49:02,20022719,20000029,20000019,True,False,2025-11-19T04:00:00,2025-11-19T01:30:58,
0,2025-11-19T21:43:29,22720,2026,1,Final,2025-11-19T00:00:00,2025-11-19T19:00:00,HOU,CLE,22,12,12,114,104,2025-11-19T21:58:57,20022720,20000022,20000012,True,False,2025-11-20T00:00:00,2025-11-19T21:43:29,
1,2025-11-19T21:23:52,22721,2026,1,Final,2025-11-19T00:00:00,2025-11-19T19:00:00,CHA,IND,2,13,13,118,127,2025-11-19T21:43:07,20022721,20000002,20000013,True,False,2025-11-20T00:00:00,2025-11-19T21:23:52,
3,2025-11-19T21:22:55,22723,2026,1,Final,2025-11-19T00:00:00,2025-11-19T19:00:00,TOR,PHI,10,7,7,121,112,2025-11-19T21:43:07,20022723,20000010,20000007,True,False,2025-11-20T00:00:00,2025-11-19T21:22:55,
2,2025-11-19T21:57:03,22722,2026,1,Final,2025-11-19T00:00:00,2025-11-19T19:30:00,GS,MIA,26,4,4,96,110,2025-11-19T22:14:29,20022722,20000026,20000004,True,False,2025-11-20T00:30:00,2025-11-19T21:57:03,
6,2025-11-19T22:25:14,22726,2026,1,Final,2025-11-19T00:00:00,2025-11-19T20:00:00,SAC,OKC,30,18,18,99,113,2025-11-19T22:46:13,20022726,20000030,20000018,True,False,2025-11-20T01:00:00,2025-11-19T22:25:14,
5,2025-11-19T22:29:24,22725,2026,1,Final,2025-11-19T00:00:00,2025-11-19T20:00:00,DEN,NO,20,23,23,125,118,2025-11-19T22:46:13,20022725,20000020,20000023,True,False,2025-11-20T01:00:00,2025-11-19T22:29:24,
4,2025-11-19T22:32:11,22724,2026,1,Final,2025-11-19T00:00:00,2025-11-19T20:00:00,WAS,MIN,1,16,16,109,120,2025-11-19T22:46:13,20022724,20000001,20000016,True,False,2025-11-20T01:00:00,2025-11-19T22:32:11,
7,2025-11-20T00:29:05,22727,2026,1,Final,2025-11-19T00:00:00,2025-11-19T21:30:00,NY,DAL,6,25,25,113,111,2025-11-20T00:49:15,20022727,20000006,20000025,True,False,2025-11-20T02:30:00,2025-11-20T00:29:05,
8,2025-11-20T00:33:03,22728,2026,1,Final,2025-11-19T00:00:00,2025-11-19T22:00:00,CHI,POR,11,19,19,122,121,2025-11-20T00:49:15,20022728,20000011,20000019,True,False,2025-11-20T03:00:00,2025-11-20T00:33:03,
0,2025-11-20T21:28:11,22729,2026,1,Final,2025-11-20T00:00:00,2025-11-20T19:00:00,LAC,ORL,28,5,5,101,129,2025-11-20T21:45:25,20022729,20000028,20000005,True,False,2025-11-21T00:00:00,2025-11-20T21:28:11,
3,2025-11-20T22:23:33,22732,2026,1,Final,2025-11-20T00:00:00,2025-11-20T20:00:00,ATL,SA,3,24,24,126,135,2025-11-20T22:33:03,20022732,20000003,20000024,True,False,2025-11-21T01:00:00,2025-11-20T22:23:33,
2,2025-11-20T22:39:48,22731,2026,1,F/OT,2025-11-20T00:00:00,2025-11-20T20:00:00,PHI,MIL,7,15,15,123,114,2025-11-20T22:47:14,20022731,20000007,20000015,True,False,2025-11-21T01:00:00,2025-11-20T22:39:48,
1,2025-11-20T22:18:21,22730,2026,1,Final,2025-11-20T00:00:00,2025-11-20T20:00:00,SAC,MEM,30,21,21,96,137,2025-11-20T22:32:02,20022730,20000030,20000021,True,False,2025-11-21T01:00:00,2025-11-20T22:18:21,
0,2025-11-21T21:43:14,22513,2026,1,Final,2025-11-21T00:00:00,2025-11-21T19:00:00,IND,CLE,13,12,12,109,120,2025-11-21T22:01:19,20022513,20000013,20000012,True,False,2025-11-22T00:00:00,2025-11-21T21:43:14,
1,2025-11-21T21:56:19,22514,2026,1,Final,2025-11-21T00:00:00,2025-11-21T19:30:00,BKN,BOS,8,9,9,113,105,2025-11-21T22:16:55,20022514,20000008,20000009,True,False,2025-11-22T00:30:00,2025-11-21T21:56:19,
2,2025-11-21T22:14:40,22515,2026,1,Final,2025-11-21T00:00:00,2025-11-21T19:30:00,WAS,TOR,1,10,10,110,140,2025-11-21T22:32:47,20022515,20000001,20000010,True,False,2025-11-22T00:30:00,2025-11-21T22:14:40,
3,2025-11-21T22:29:40,22516,2026,1,Final,2025-11-21T00:00:00,2025-11-21T20:00:00,MIA,CHI,4,11,11,143,107,2025-11-21T22:48:13,20022516,20000004,20000011,True,False,2025-11-22T01:00:00,2025-11-21T22:29:40,
4,2025-11-21T23:06:26,22517,2026,1,Final,2025-11-21T00:00:00,2025-11-21T20:30:00,NO,DAL,23,25,25,115,118,2025-11-21T23:19:25,20022517,20000023,20000025,True,False,2025-11-22T01:30:00,2025-11-21T23:06:26,
5,2025-11-21T23:42:24,22518,2026,1,Final,2025-11-21T00:00:00,2025-11-21T21:00:00,MIN,PHO,16,29,28,113,114,2025-11-21T23:51:10,20022518,20000016,20000029,True,False,2025-11-22T02:00:00,2025-11-21T23:42:24,
6,2025-11-22T00:14:31,22519,2026,1,Final,2025-11-21T00:00:00,2025-11-21T21:30:00,DEN,HOU,20,22,22,112,109,2025-11-22T00:20:48,20022519,20000020,20000022,True,False,2025-11-22T02:30:00,2025-11-22T00:14:31,
7,2025-11-22T00:23:16,22520,2026,1,Final,2025-11-21T00:00:00,2025-11-21T22:00:00,OKC,UTA,18,17,17,144,112,2025-11-22T00:36:42,20022520,20000018,20000017,True,False,2025-11-22T03:00:00,2025-11-22T00:23:16,
8,2025-11-22T00:37:50,22521,2026,1,Final,2025-11-21T00:00:00,2025-11-21T22:00:00,POR,GS,19,26,51,127,123,2025-11-22T00:52:16,20022521,20000019,20000026,True,False,2025-11-22T03:00:00,2025-11-22T00:37:50,
0,2025-11-22T15:24:41,22733,2026,1,Final,2025-11-22T00:00:00,2025-11-22T13:00:00,LAC,CHA,28,2,2,131,116,2025-11-22T15:36:09,20022733,20000028,20000002,True,False,2025-11-22T18:00:00,2025-11-22T15:24:41,
1,2025-11-22T19:52:58,22734,2026,1,Final,2025-11-22T00:00:00,2025-11-22T17:00:00,NY,ORL,6,5,5,121,133,2025-11-22T19:59:37,20022734,20000006,20000005,True,False,2025-11-22T22:00:00,2025-11-22T19:52:58,
2,2025-11-22T21:24:31,22735,2026,1,Final,2025-11-22T00:00:00,2025-11-22T19:00:00,ATL,NO,3,23,23,115,98,2025-11-22T21:33:05,20022735,20000003,20000023,True,False,2025-11-23T00:00:00,2025-11-22T21:24:31,
3,2025-11-22T22:23:25,22736,2026,1,Final,2025-11-22T00:00:00,2025-11-22T20:00:00,WAS,CHI,1,11,11,120,121,2025-11-22T22:35:28,20022736,20000001,20000011,True,False,2025-11-23T01:00:00,2025-11-22T22:23:25,
4,2025-11-22T22:26:20,22737,2026,1,Final,2025-11-22T00:00:00,2025-11-22T20:00:00,DET,MIL,14,15,15,129,116,2025-11-22T22:35:28,20022737,20000014,20000015,True,False,2025-11-23T01:00:00,2025-11-22T22:26:20,
5,2025-11-22T22:57:31,22738,2026,1,Final,2025-11-22T00:00:00,2025-11-22T20:30:00,MEM,DAL,21,25,25,102,96,2025-11-22T23:06:36,20022738,20000021,20000025,True,False,2025-11-23T01:30:00,2025-11-22T22:57:31,
6,2025-11-23T00:29:23,22739,2026,1,Final,2025-11-22T00:00:00,2025-11-22T22:00:00,SAC,DEN,30,20,20,128,123,2025-11-23T00:37:52,20022739,20000030,20000020,True,False,2025-11-23T03:00:00,2025-11-23T00:29:23,
0,2025-11-23T15:21:22,22740,2026,1,Final,2025-11-23T00:00:00,2025-11-23T13:00:00,MIA,PHI,4,7,7,127,117,2025-11-23T15:37:24,20022740,20000004,20000007,True,False,2025-11-23T18:00:00,2025-11-23T15:21:22,
4,2025-11-23T20:36:57,22744,2026,1,Final,2025-11-23T00:00:00,2025-11-23T18:00:00,BKN,TOR,8,10,10,109,119,2025-11-23T20:48:10,20022744,20000008,20000010,True,False,2025-11-23T23:00:00,2025-11-23T20:36:57,
3,2025-11-23T20:29:13,22743,2026,1,Final,2025-11-23T00:00:00,2025-11-23T18:00:00,LAC,CLE,28,12,12,105,120,2025-11-23T20:48:10,20022743,20000028,20000012,True,False,2025-11-23T23:00:00,2025-11-23T20:29:13,
2,2025-11-23T20:31:12,22742,2026,1,Final,2025-11-23T00:00:00,2025-11-23T18:00:00,ORL,BOS,5,9,9,129,138,2025-11-23T20:48:10,20022742,20000005,20000009,True,False,2025-11-23T23:00:00,2025-11-23T20:31:12,
1,2025-11-23T20:28:27,22741,2026,1,Final,2025-11-23T00:00:00,2025-11-23T18:00:00,CHA,ATL,2,3,3,110,113,2025-11-23T20:48:10,20022741,20000002,20000003,True,False,2025-11-23T23:00:00,2025-11-23T20:28:27,
5,2025-11-23T21:23:14,22745,2026,1,Final,2025-11-23T00:00:00,2025-11-23T19:00:00,POR,OKC,19,18,18,95,122,2025-11-23T21:34:54,20022745,20000019,20000018,True,False,2025-11-24T00:00:00,2025-11-23T21:23:14,
7,2025-11-23T22:28:01,22747,2026,1,Final,2025-11-23T00:00:00,2025-11-23T20:00:00,LAL,UTA,27,17,17,108,106,2025-11-23T22:37:06,20022747,20000027,20000017,True,False,2025-11-24T01:00:00,2025-11-23T22:28:01,
6,2025-11-23T22:26:46,22746,2026,1,Final,2025-11-23T00:00:00,2025-11-23T20:00:00,SA,PHO,24,29,28,102,111,2025-11-23T22:37:06,20022746,20000024,20000029,True,False,2025-11-24T01:00:00,2025-11-23T22:26:46,
0,2025-11-24T21:45:41,22748,2026,1,Final,2025-11-24T00:00:00,2025-11-24T19:00:00,DET,IND,14,13,13,122,117,2025-11-24T21:52:02,20022748,20000014,20000013,True,False,2025-11-25T00:00:00,2025-11-24T21:45:41,
1,2025-11-24T21:27:06,22749,2026,1,Final,2025-11-24T00:00:00,2025-11-24T19:00:00,CLE,TOR,12,10,10,99,110,2025-11-24T21:35:40,20022749,20000012,20000010,True,False,2025-11-25T00:00:00,2025-11-24T21:27:06,
2,2025-11-24T21:57:14,22750,2026,1,Final,2025-11-24T00:00:00,2025-11-24T19:30:00,NY,BKN,6,8,8,113,100,2025-11-24T22:06:56,20022750,20000006,20000008,True,False,2025-11-25T00:30:00,2025-11-24T21:57:14,
3,2025-11-24T22:03:52,22751,2026,1,Final,2025-11-24T00:00:00,2025-11-24T19:30:00,DAL,MIA,25,4,4,102,106,2025-11-24T22:22:37,20022751,20000025,20000004,True,False,2025-11-25T00:30:00,2025-11-24T22:03:52,
6,2025-11-24T22:32:12,22754,2026,1,Final,2025-11-24T00:00:00,2025-11-24T20:00:00,CHI,NO,11,23,23,130,143,2025-11-24T22:38:42,20022754,20000011,20000023,True,False,2025-11-25T01:00:00,2025-11-24T22:32:12,
5,2025-11-24T22:19:56,22753,2026,1,Final,2025-11-24T00:00:00,2025-11-24T20:00:00,POR,MIL,19,15,15,115,103,2025-11-24T22:38:24,20022753,20000019,20000015,True,False,2025-11-25T01:00:00,2025-11-24T22:19:56,
4,2025-11-24T22:15:36,22752,2026,1,Final,2025-11-24T00:00:00,2025-11-24T20:00:00,DEN,MEM,20,21,21,125,115,2025-11-24T22:22:37,20022752,20000020,20000021,True,False,2025-11-25T01:00:00,2025-11-24T22:15:36,
7,2025-11-25T00:07:09,22755,2026,1,Final,2025-11-24T00:00:00,2025-11-24T21:30:00,HOU,PHO,22,29,28,114,92,2025-11-25T00:25:53,20022755,20000022,20000029,True,False,2025-11-25T02:30:00,2025-11-25T00:07:09,
9,2025-11-25T00:53:34,22757,2026,1,F/OT,2025-11-24T00:00:00,2025-11-24T22:00:00,MIN,SAC,16,30,29,112,117,2025-11-25T01:12:42,20022757,20000016,20000030,True,False,2025-11-25T03:00:00,2025-11-25T00:53:34,
8,2025-11-25T00:16:36,22756,2026,1,Final,2025-11-24T00:00:00,2025-11-24T22:00:00,UTA,GS,17,26,51,117,134,2025-11-25T00:25:53,20022756,20000017,20000026,True,False,2025-11-25T03:00:00,2025-11-25T00:16:36,
0,2025-11-25T21:19:37,22522,2026,1,Final,2025-11-25T00:00:00,2025-11-25T19:00:00,ATL,WAS,3,1,1,113,132,2025-11-25T21:37:17,20022522,20000003,20000001,True,False,2025-11-26T00:00:00,2025-11-25T21:19:37,
1,2025-11-25T22:36:59,22523,2026,1,Final,2025-11-25T00:00:00,2025-11-25T20:00:00,ORL,PHI,5,7,7,144,103,2025-11-25T22:55:13,20022523,20000005,20000007,True,False,2025-11-26T01:00:00,2025-11-25T22:36:59,
2,2025-11-26T01:47:29,22524,2026,1,Final,2025-11-25T00:00:00,2025-11-25T23:00:00,LAC,LAL,28,27,27,118,135,2025-11-26T01:59:26,20022524,20000028,20000027,True,False,2025-11-26T04:00:00,2025-11-26T01:47:29,
0,2025-11-26T19:47:21,22525,2026,1,Final,2025-11-26T00:00:00,2025-11-26T17:00:00,DET,BOS,14,9,9,114,117,2025-11-26T20:04:55,20022525,20000014,20000009,True,False,2025-11-26T22:00:00,2025-11-26T19:47:21,
1,2025-11-26T21:26:29,22526,2026,1,Final,2025-11-26T00:00:00,2025-11-26T19:00:00,NY,CHA,6,2,2,129,101,2025-11-26T21:38:00,20022526,20000006,20000002,True,False,2025-11-27T00:00:00,2025-11-26T21:26:29,
4,2025-11-26T22:28:30,22529,2026,1,Final,2025-11-26T00:00:00,2025-11-26T19:30:00,MIN,OKC,16,18,18,105,113,2025-11-26T22:40:39,20022529,20000016,20000018,True,False,2025-11-27T00:30:00,2025-11-26T22:28:30,
3,2025-11-26T22:00:17,22528,2026,1,Final,2025-11-26T00:00:00,2025-11-26T19:30:00,IND,TOR,13,10,10,95,97,2025-11-26T22:09:32,20022528,20000013,20000010,True,False,2025-11-27T00:30:00,2025-11-26T22:00:17,
2,2025-11-26T21:43:24,22527,2026,1,Final,2025-11-26T00:00:00,2025-11-26T19:30:00,MIL,MIA,15,4,4,103,106,2025-11-26T21:53:43,20022527,20000015,20000004,True,False,2025-11-27T00:30:00,2025-11-26T21:43:24,
5,2025-11-26T22:39:45,22530,2026,1,F/OT,2025-11-26T00:00:00,2025-11-26T20:00:00,MEM,NO,21,23,23,133,128,2025-11-26T22:56:17,20022530,20000021,20000023,True,False,2025-11-27T01:00:00,2025-11-26T22:39:45,
7,2025-11-27T00:30:26,22532,2026,1,Final,2025-11-26T00:00:00,2025-11-26T22:00:00,SA,POR,24,19,19,115,102,2025-11-27T00:44:15,20022532,20000024,20000019,True,False,2025-11-27T03:00:00,2025-11-27T00:30:26,
6,2025-11-27T00:46:35,22531,2026,1,Final,2025-11-26T00:00:00,2025-11-26T22:00:00,HOU,GS,22,26,51,104,100,2025-11-27T00:59:56,20022531,20000022,20000026,True,False,2025-11-27T03:00:00,2025-11-27T00:46:35,
8,2025-11-27T00:20:27,22533,2026,1,Final,2025-11-26T00:00:00,2025-11-26T22:00:00,PHO,SAC,29,30,29,112,100,2025-11-27T00:28:39,20022533,20000029,20000030,True,False,2025-11-27T03:00:00,2025-11-27T00:20:27,
0,2025-11-28T22:03:18,22534,2026,1,Final,2025-11-28T00:00:00,2025-11-28T19:30:00,CLE,ATL,12,3,3,123,130,2025-11-28T22:14:47,20022534,20000012,20000003,True,False,2025-11-29T00:30:00,2025-11-28T22:03:18,
1,2025-11-28T21:57:57,22535,2026,1,Final,2025-11-28T00:00:00,2025-11-28T19:30:00,PHI,BKN,7,8,8,115,103,2025-11-28T22:12:20,20022535,20000007,20000008,True,False,2025-11-29T00:30:00,2025-11-28T21:57:57,
2,2025-11-28T21:56:09,22536,2026,1,Final,2025-11-28T00:00:00,2025-11-28T19:30:00,CHI,CHA,11,2,2,116,123,2025-11-28T22:12:20,20022536,20000011,20000002,True,False,2025-11-29T00:30:00,2025-11-28T21:56:09,
4,2025-11-28T21:48:27,22538,2026,1,Final,2025-11-28T00:00:00,2025-11-28T19:30:00,WAS,IND,1,13,13,86,119,2025-11-28T21:56:08,20022538,20000001,20000013,True,False,2025-11-29T00:30:00,2025-11-28T21:48:27,
3,2025-11-28T22:09:03,22537,2026,1,Final,2025-11-28T00:00:00,2025-11-28T19:30:00,ORL,DET,5,14,14,112,109,2025-11-28T22:27:36,20022537,20000005,20000014,True,False,2025-11-29T00:30:00,2025-11-28T22:09:03,
5,2025-11-28T22:22:15,22539,2026,1,Final,2025-11-28T00:00:00,2025-11-28T19:30:00,MIL,NY,15,6,6,109,118,2025-11-28T22:43:19,20022539,20000015,20000006,True,False,2025-11-29T00:30:00,2025-11-28T22:22:15,
8,2025-11-29T00:06:14,22542,2026,1,Final,2025-11-28T00:00:00,2025-11-28T21:30:00,SAC,UTA,30,17,17,119,128,2025-11-29T00:16:37,20022542,20000030,20000017,True,False,2025-11-29T02:30:00,2025-11-29T00:06:14,
6,2025-11-28T23:58:15,22540,2026,1,Final,2025-11-28T00:00:00,2025-11-28T21:30:00,PHO,OKC,29,18,18,119,123,2025-11-29T00:16:37,20022540,20000029,20000018,True,False,2025-11-29T02:30:00,2025-11-28T23:58:15,
7,2025-11-29T00:06:15,22541,2026,1,Final,2025-11-28T00:00:00,2025-11-28T21:30:00,SA,DEN,24,20,20,139,136,2025-11-29T00:16:37,20022541,20000024,20000020,True,False,2025-11-29T02:30:00,2025-11-29T00:06:15,
9,2025-11-29T00:44:33,22543,2026,1,Final,2025-11-28T00:00:00,2025-11-28T22:00:00,DAL,LAL,25,27,27,119,129,2025-11-29T01:03:34,20022543,20000025,20000027,True,False,2025-11-29T03:00:00,2025-11-29T00:44:33,
10,2025-11-29T00:25:08,22544,2026,1,Final,2025-11-28T00:00:00,2025-11-28T22:00:00,MEM,LAC,21,28,106,112,107,2025-11-29T00:32:18,20022544,20000021,20000028,True,False,2025-11-29T03:00:00,2025-11-29T00:25:08,
0,2025-11-29T19:26:38,22758,2026,1,Final,2025-11-29T00:00:00,2025-11-29T17:00:00,BOS,MIN,9,16,16,115,119,2025-11-29T19:39:41,20022758,20000009,20000016,True,False,2025-11-29T22:00:00,2025-11-29T19:26:38,
1,2025-11-29T20:48:38,22759,2026,1,F/OT,2025-11-29T00:00:00,2025-11-29T18:00:00,TOR,CHA,10,2,2,111,118,2025-11-29T20:57:53,20022759,20000010,20000002,True,False,2025-11-29T23:00:00,2025-11-29T20:48:38,
2,2025-11-29T21:54:21,22760,2026,1,Final,2025-11-29T00:00:00,2025-11-29T19:30:00,CHI,IND,11,13,13,101,103,2025-11-29T22:15:18,20022760,20000011,20000013,True,False,2025-11-30T00:30:00,2025-11-29T21:54:21,
3,2025-11-29T22:42:23,22761,2026,1,Final,2025-11-29T00:00:00,2025-11-29T20:00:00,DET,MIA,14,4,4,138,135,2025-11-29T23:02:10,20022761,20000014,20000004,True,False,2025-11-30T01:00:00,2025-11-29T22:42:23,
4,2025-11-29T22:17:41,22762,2026,1,Final,2025-11-29T00:00:00,2025-11-29T20:00:00,BKN,MIL,8,15,15,99,116,2025-11-29T22:31:15,20022762,20000008,20000015,True,False,2025-11-30T01:00:00,2025-11-29T22:17:41,
5,2025-11-29T23:11:22,22763,2026,1,Final,2025-11-29T00:00:00,2025-11-29T20:30:00,NO,GS,23,26,51,96,104,2025-11-29T23:17:55,20022763,20000023,20000026,True,False,2025-11-30T01:30:00,2025-11-29T23:11:22,
6,2025-11-29T23:21:58,22764,2026,1,Final,2025-11-29T00:00:00,2025-11-29T21:00:00,DEN,PHO,20,29,28,130,112,2025-11-29T23:34:09,20022764,20000020,20000029,True,False,2025-11-30T02:00:00,2025-11-29T23:21:58,
7,2025-11-30T00:36:02,22765,2026,1,Final,2025-11-29T00:00:00,2025-11-29T22:00:00,DAL,LAC,25,28,106,114,110,2025-11-30T00:48:54,20022765,20000025,20000028,True,False,2025-11-30T03:00:00,2025-11-30T00:36:02,
0,2025-11-30T17:26:05,22766,2026,1,Final,2025-11-30T00:00:00,2025-11-30T15:00:00,HOU,UTA,22,17,17,129,101,2025-11-30T17:36:59,20022766,20000022,20000017,True,False,2025-11-30T20:00:00,2025-11-30T17:26:05,
2,2025-11-30T20:24:57,22768,2026,1,Final,2025-11-30T00:00:00,2025-11-30T18:00:00,TOR,NY,10,6,6,94,116,2025-11-30T20:43:23,20022768,20000010,20000006,True,False,2025-11-30T23:00:00,2025-11-30T20:24:57,
1,2025-11-30T20:28:26,22767,2026,1,Final,2025-11-30T00:00:00,2025-11-30T18:00:00,BOS,CLE,9,12,12,117,115,2025-11-30T20:43:23,20022767,20000009,20000012,True,False,2025-11-30T23:00:00,2025-11-30T20:28:26,
4,2025-11-30T20:33:16,22770,2026,1,Final,2025-11-30T00:00:00,2025-11-30T18:00:00,OKC,POR,18,19,19,123,115,2025-11-30T20:43:23,20022770,20000018,20000019,True,False,2025-11-30T23:00:00,2025-11-30T20:33:16,
3,2025-11-30T21:14:06,22769,2026,1,F/OT,2025-11-30T00:00:00,2025-11-30T18:00:00,ATL,PHI,3,7,7,142,134,2025-11-30T21:30:30,20022769,20000003,20000007,True,False,2025-11-30T23:00:00,2025-11-30T21:14:06,
5,2025-11-30T21:19:52,22771,2026,1,Final,2025-11-30T00:00:00,2025-11-30T19:00:00,SA,MIN,24,16,16,112,125,2025-11-30T21:30:30,20022771,20000024,20000016,True,False,2025-12-01T00:00:00,2025-11-30T21:19:52,
6,2025-11-30T23:29:35,22772,2026,1,Final,2025-11-30T00:00:00,2025-11-30T21:00:00,MEM,SAC,21,30,29,115,107,2025-11-30T23:50:24,20022772,20000021,20000030,True,False,2025-12-01T02:00:00,2025-11-30T23:29:35,
7,2025-11-30T23:58:00,22773,2026,1,Final,2025-11-30T00:00:00,2025-11-30T21:30:00,NO,LAL,23,27,27,121,133,2025-12-01T00:04:26,20022773,20000023,20000027,True,False,2025-12-01T02:30:00,2025-11-30T23:58:00,
2,2025-12-01T21:27:22,22776,2026,1,Final,2025-12-01T00:00:00,2025-12-01T19:00:00,MIL,WAS,15,1,1,126,129,2025-12-01T21:46:58,20022776,20000015,20000001,True,False,2025-12-02T00:00:00,2025-12-01T21:27:22,
1,2025-12-01T21:37:02,22775,2026,1,Final,2025-12-01T00:00:00,2025-12-01T19:00:00,CLE,IND,12,13,13,135,119,2025-12-01T21:46:58,20022775,20000012,20000013,True,False,2025-12-02T00:00:00,2025-12-01T21:37:02,
0,2025-12-01T21:20:58,22774,2026,1,Final,2025-12-01T00:00:00,2025-12-01T19:00:00,ATL,DET,3,14,14,98,99,2025-12-01T21:31:42,20022774,20000003,20000014,True,False,2025-12-02T00:00:00,2025-12-01T21:20:58,
5,2025-12-01T22:12:07,22779,2026,1,Final,2025-12-01T00:00:00,2025-12-01T19:30:00,CHI,ORL,11,5,5,120,125,2025-12-01T22:18:43,20022779,20000011,20000005,True,False,2025-12-02T00:30:00,2025-12-01T22:12:07,
4,2025-12-01T21:54:42,22778,2026,1,Final,2025-12-01T00:00:00,2025-12-01T19:30:00,LAC,MIA,28,4,4,123,140,2025-12-01T22:02:42,20022778,20000028,20000004,True,False,2025-12-02T00:30:00,2025-12-01T21:54:42,
3,2025-12-01T21:55:42,22777,2026,1,Final,2025-12-01T00:00:00,2025-12-01T19:30:00,CHA,BKN,2,8,8,103,116,2025-12-01T22:03:40,20022777,20000002,20000008,True,False,2025-12-02T00:30:00,2025-12-01T21:55:42,
7,2025-12-01T23:41:42,22781,2026,1,Final,2025-12-01T00:00:00,2025-12-01T21:00:00,HOU,UTA,22,17,17,125,133,2025-12-01T23:51:48,20022781,20000022,20000017,True,False,2025-12-02T02:00:00,2025-12-01T23:41:42,
6,2025-12-01T23:17:48,22780,2026,1,Final,2025-12-01T00:00:00,2025-12-01T21:00:00,DAL,DEN,25,20,20,131,121,2025-12-01T23:36:03,20022780,20000025,20000020,True,False,2025-12-02T02:00:00,2025-12-01T23:17:48,
8,2025-12-02T00:25:15,22782,2026,1,Final,2025-12-01T00:00:00,2025-12-01T22:00:00,PHO,LAL,29,27,27,125,108,2025-12-02T00:36:44,20022782,20000029,20000027,True,False,2025-12-02T03:00:00,2025-12-02T00:25:15,
0,2025-12-02T21:18:01,22783,2026,1,Final,2025-12-02T00:00:00,2025-12-02T19:00:00,WAS,PHI,1,7,7,102,121,2025-12-02T21:32:56,20022783,20000001,20000007,True,False,2025-12-03T00:00:00,2025-12-02T21:18:01,
1,2025-12-02T22:07:02,22784,2026,1,Final,2025-12-02T00:00:00,2025-12-02T19:30:00,POR,TOR,19,10,10,118,121,2025-12-02T22:19:08,20022784,20000019,20000010,True,False,2025-12-03T00:30:00,2025-12-02T22:07:02,
2,2025-12-02T22:40:03,22785,2026,1,Final,2025-12-02T00:00:00,2025-12-02T20:00:00,NY,BOS,6,9,9,117,123,2025-12-02T22:50:47,20022785,20000006,20000009,True,False,2025-12-03T01:00:00,2025-12-02T22:40:03,
4,2025-12-02T22:41:39,22787,2026,1,Final,2025-12-02T00:00:00,2025-12-02T20:00:00,MEM,SA,21,24,24,119,126,2025-12-02T22:50:47,20022787,20000021,20000024,True,False,2025-12-03T01:00:00,2025-12-02T22:41:39,
3,2025-12-02T22:44:51,22786,2026,1,F/OT,2025-12-02T00:00:00,2025-12-02T20:00:00,MIN,NO,16,23,23,149,142,2025-12-02T22:53:53,20022786,20000016,20000023,True,False,2025-12-03T01:00:00,2025-12-02T22:44:51,
5,2025-12-03T01:31:11,22788,2026,1,Final,2025-12-02T00:00:00,2025-12-02T23:00:00,OKC,GS,18,26,51,124,112,2025-12-03T01:39:40,20022788,20000018,20000026,True,False,2025-12-03T04:00:00,2025-12-03T01:31:11,
0,2025-12-03T21:23:57,22789,2026,1,Final,2025-12-03T00:00:00,2025-12-03T19:00:00,POR,CLE,19,12,12,122,110,2025-12-03T21:34:05,20022789,20000019,20000012,True,False,2025-12-04T00:00:00,2025-12-03T21:23:57,
1,2025-12-03T21:34:02,22790,2026,1,Final,2025-12-03T00:00:00,2025-12-03T19:00:00,DEN,IND,20,13,13,135,120,2025-12-03T21:49:33,20022790,20000020,20000013,True,False,2025-12-04T00:00:00,2025-12-03T21:34:02,
2,2025-12-03T21:30:34,22791,2026,1,Final,2025-12-03T00:00:00,2025-12-03T19:00:00,SA,ORL,24,5,5,114,112,2025-12-03T22:05:12,20022791,20000024,20000005,True,False,2025-12-04T00:00:00,2025-12-03T21:30:34,
3,2025-12-03T21:52:25,22792,2026,1,Final,2025-12-03T00:00:00,2025-12-03T19:30:00,LAC,ATL,28,3,3,115,92,2025-12-03T22:05:12,20022792,20000028,20000003,True,False,2025-12-04T00:30:00,2025-12-03T21:52:25,
4,2025-12-03T21:59:52,22793,2026,1,Final,2025-12-03T00:00:00,2025-12-03T19:30:00,CHA,NY,2,6,6,104,119,2025-12-03T22:21:09,20022793,20000002,20000006,True,False,2025-12-04T00:30:00,2025-12-03T21:59:52,
5,2025-12-03T22:23:43,22794,2026,1,Final,2025-12-03T00:00:00,2025-12-03T20:00:00,BKN,CHI,8,11,11,113,103,2025-12-03T22:36:38,20022794,20000008,20000011,True,False,2025-12-04T01:00:00,2025-12-03T22:23:43,
6,2025-12-03T22:15:24,22795,2026,1,Final,2025-12-03T00:00:00,2025-12-03T20:00:00,SAC,HOU,30,22,22,95,121,2025-12-03T22:21:38,20022795,20000030,20000022,True,False,2025-12-04T01:00:00,2025-12-03T22:15:24,
7,2025-12-03T22:41:36,22796,2026,1,Final,2025-12-03T00:00:00,2025-12-03T20:00:00,DET,MIL,14,15,15,109,113,2025-12-03T22:52:29,20022796,20000014,20000015,True,False,2025-12-04T01:00:00,2025-12-03T22:41:36,
8,2025-12-03T22:47:50,22797,2026,1,Final,2025-12-03T00:00:00,2025-12-03T20:30:00,MIA,DAL,4,25,25,108,118,2025-12-03T23:08:11,20022797,20000004,20000025,True,False,2025-12-04T01:30:00,2025-12-03T22:47:50,
1,2025-12-04T21:20:02,22799,2026,1,Final,2025-12-04T00:00:00,2025-12-04T19:00:00,BOS,WAS,9,1,1,146,101,2025-12-04T21:35:47,20022799,20000009,20000001,True,False,2025-12-05T00:00:00,2025-12-04T21:20:02,
0,2025-12-04T21:34:13,22798,2026,1,Final,2025-12-04T00:00:00,2025-12-04T19:00:00,GS,PHI,26,7,7,98,99,2025-12-04T21:51:52,20022798,20000026,20000007,True,False,2025-12-05T00:00:00,2025-12-04T21:34:13,
3,2025-12-04T22:02:12,22801,2026,1,Final,2025-12-04T00:00:00,2025-12-04T19:30:00,LAL,TOR,27,10,10,123,120,2025-12-04T22:23:07,20022801,20000027,20000010,True,False,2025-12-05T00:30:00,2025-12-04T22:02:12,
2,2025-12-04T21:59:59,22800,2026,1,Final,2025-12-04T00:00:00,2025-12-04T19:30:00,UTA,BKN,17,8,8,123,110,2025-12-04T22:06:55,20022800,20000017,20000008,True,False,2025-12-05T00:30:00,2025-12-04T21:59:59,
4,2025-12-04T22:28:03,22802,2026,1,Final,2025-12-04T00:00:00,2025-12-04T20:00:00,MIN,NO,16,23,23,125,116,2025-12-04T22:38:26,20022802,20000016,20000023,True,False,2025-12-05T01:00:00,2025-12-04T22:28:03,
