,TeamID,Key,Active,City,Name,LeagueID,StadiumID,Conference,Division,PrimaryColor,SecondaryColor,TertiaryColor,QuaternaryColor,WikipediaLogoUrl,WikipediaWordMarkUrl,GlobalTeamID,NbaDotComTeamID,HeadCoach
0,1,WAS,True,Washington,Wizards,3,1.0,Eastern,Southeast,002B5C,E31837,C4CED4,FFFFFF,https://upload.wikimedia.org/wikipedia/en/0/02/Washington_Wizards_logo.svg,,20000001,1610612764.0,Brian Keefe
1,2,CHA,True,Charlotte,Hornets,3,2.0,Eastern,Southeast,00788C,1D1160,A1A1A4,FFFFFF,https://upload.wikimedia.org/wikipedia/en/c/c4/Charlotte_Hornets_%282014%29.svg,,20000002,1610612766.0,Charles Lee
2,3,ATL,True,Atlanta,Hawks,3,3.0,Eastern,Southeast,C8102E,FDB927,000000,9EA2A2,https://upload.wikimedia.org/wikipedia/en/2/24/Atlanta_Hawks_logo.svg,,20000003,1610612737.0,Quin Snyder
3,4,MIA,True,Miami,Heat,3,4.0,Eastern,Southeast,000000,98002E,F9A01B,,https://upload.wikimedia.org/wikipedia/en/f/fb/Miami_Heat_logo.svg,,20000004,1610612748.0,Erik Spoelstra
4,5,ORL,True,Orlando,Magic,3,5.0,Eastern,Southeast,0050B5,000000,C4CED4,,https://upload.wikimedia.org/wikipedia/en/1/10/Orlando_Magic_logo.svg,,20000005,1610612753.0,Jamahl Mosley
5,6,NY,True,New York,Knicks,3,6.0,Eastern,Atlantic,1D428A,F58426,9EA2A2,000000,https://upload.wikimedia.org/wikipedia/en/2/25/New_York_Knicks_logo.svg,,20000006,1610612752.0,Mike Brown
6,7,PHI,True,Philadelphia,76ers,3,7.0,Eastern,Atlantic,1D428A,C8102E,9EA2A2,002B5C,https://upload.wikimedia.org/wikipedia/en/0/0e/Philadelphia_76ers_logo.svg,,20000007,1610612755.0,Nick Nurse
7,8,BKN,True,Brooklyn,Nets,3,8.0,Eastern,Atlantic,000000,FFFFFF,6F7271,,https://upload.wikimedia.org/wikipedia/en/4/40/Brooklyn_Nets_primary_icon_logo_2024.svg,,20000008,1610612751.0,Jordi Fernández
8,9,BOS,True,Boston,Celtics,3,9.0,Eastern,Atlantic,008348,FFFFFF,000000,BB9753,https://upload.wikimedia.org/wikipedia/en/8/8f/Boston_Celtics.svg,,20000009,1610612738.0,Joe Mazzulla
9,10,TOR,True,Toronto,Raptors,3,10.0,Eastern,Atlantic,CE1141,000000,393A96,B4975A,https://upload.wikimedia.org/wikipedia/en/3/36/Toronto_Raptors_logo.svg,,20000010,1610612761.0,Darko Rajakovic
10,11,CHI,True,Chicago,Bulls,3,11.0,Eastern,Central,CE1141,000000,FFFFFF,,https://upload.wikimedia.org/wikipedia/en/6/67/Chicago_Bulls_logo.svg,,20000011,1610612741.0,Billy Donovan
11,12,CLE,True,Cleveland,Cavaliers,3,12.0,Eastern,Central,860038,BC945C,000000,,https://upload.wikimedia.org/wikipedia/commons/thumb/4/4b/Cleveland_Cavaliers_logo.svg/1024px-Cleveland_Cavaliers_logo.svg.png,,20000012,1610612739.0,Kenny Atkinson
12,13,IND,True,Indiana,Pacers,3,13.0,Eastern,Central,0C2340,FFD520,9EA2A2,,https://upload.wikimedia.org/wikipedia/en/1/1b/Indiana_Pacers.svg,,20000013,1610612754.0,Rick Carlisle
13,14,DET,True,Detroit,Pistons,3,14.0,Eastern,Central,1D428A,C8102E,BEC0C2,000000,https://upload.wikimedia.org/wikipedia/commons/c/c9/Logo_of_the_Detroit_Pistons.svg,,20000014,1610612765.0,J.B. Bickerstaff
14,15,MIL,True,Milwaukee,Bucks,3,15.0,Eastern,Central,00471B,EEE1C6,0077C0,000000,https://upload.wikimedia.org/wikipedia/en/4/4a/Milwaukee_Bucks_logo.svg,,20000015,1610612749.0,Doc Rivers
15,16,MIN,True,Minnesota,Timberwolves,3,16.0,Western,Northwest,0C233F,266092,79BC43,A0A2A3,https://upload.wikimedia.org/wikipedia/en/c/c2/Minnesota_Timberwolves_logo.svg,,20000016,1610612750.0,Chris Finch
16,17,UTA,True,Utah,Jazz,3,17.0,Western,Northwest,4E008E,000000,79A3DC,E5E8E6,https://upload.wikimedia.org/wikipedia/en/7/77/Utah_Jazz_logo_2025.svg,,20000017,1610612762.0,Will Hardy
17,18,OKC,True,Oklahoma City,Thunder,3,18.0,Western,Northwest,007AC1,EF3B24,FDBB30,002D62,https://upload.wikimedia.org/wikipedia/en/5/5d/Oklahoma_City_Thunder.svg,,20000018,1610612760.0,Mark Daigneault
18,19,POR,True,Portland,Trail Blazers,3,19.0,Western,Northwest,000000,E03A3E,FFFFFF,,https://upload.wikimedia.org/wikipedia/en/2/21/Portland_Trail_Blazers_logo.svg,,20000019,1610612757.0,Tiago Splitter (interim)
19,20,DEN,True,Denver,Nuggets,3,20.0,Western,Northwest,0E2240,FEC524,8B2131,244289,https://upload.wikimedia.org/wikipedia/en/7/76/Denver_Nuggets.svg,,20000020,1610612743.0,David Adelman
20,21,MEM,True,Memphis,Grizzlies,3,21.0,Western,Southwest,5D76A9,12173F,707271,F5B112,https://upload.wikimedia.org/wikipedia/en/f/f1/Memphis_Grizzlies.svg,,20000021,1610612763.0,Tuomas Iisalo
21,22,HOU,True,Houston,Rockets,3,22.0,Western,Southwest,CE1141,000000,9EA2A2,373A36,https://upload.wikimedia.org/wikipedia/en/2/28/Houston_Rockets.svg,,20000022,1610612745.0,Ime Udoka
22,23,NO,True,New Orleans,Pelicans,3,23.0,Western,Southwest,0C2340,B9975B,CE0E2D,,https://upload.wikimedia.org/wikipedia/en/0/0d/New_Orleans_Pelicans_logo.svg,,20000023,1610612740.0,James Borrego (Interim)
23,24,SA,True,San Antonio,Spurs,3,24.0,Western,Southwest,C4CED4,000000,FFFFFF,,https://upload.wikimedia.org/wikipedia/en/a/a2/San_Antonio_Spurs.svg,,20000024,1610612759.0,Mitch Johnson
24,25,DAL,True,Dallas,Mavericks,3,25.0,Western,Southwest,0064B1,00285E,B8C4CA,000000,https://upload.wikimedia.org/wikipedia/en/9/97/Dallas_Mavericks_logo.svg,,20000025,1610612742.0,Jason Kidd
25,26,GS,True,Golden State,Warriors,3,51.0,Western,Pacific,1D428A,FDB927,000000,,https://upload.wikimedia.org/wikipedia/en/0/01/Golden_State_Warriors_logo.svg,,20000026,1610612744.0,Steve Kerr
26,27,LAL,True,Los Angeles,Lakers,3,27.0,Western,Pacific,31006F,FDB927,000000,,https://upload.wikimedia.org/wikipedia/commons/3/3c/Los_Angeles_Lakers_logo.svg,,20000027,1610612747.0,JJ Redick
27,28,LAC,True,Los Angeles,Clippers,3,106.0,Western,Pacific,12173F,C8102E,4891CE,A0A2A3,https://upload.wikimedia.org/wikipedia/en/thumb/e/ed/Los_Angeles_Clippers_%282024%29.svg/220px-Los_Angeles_Clippers_%282024%29.svg.png,,20000028,1610612746.0,Tyronn Lue
28,29,PHO,True,Phoenix,Suns,3,28.0,Western,Pacific,1D1160,E56020,000000,63727A,https://upload.wikimedia.org/wikipedia/en/d/dc/Phoenix_Suns_logo.svg,,20000029,1610612756.0,Jordan Ott
29,30,SAC,True,Sacramento,Kings,3,29.0,Western,Pacific,000000,5A2D81,707271,FFFFFF,https://upload.wikimedia.org/wikipedia/en/c/c7/SacramentoKings.svg,,20000030,1610612758.0,Doug Christie
30,31,SHQ,False,Team,Shaq,3,,,,,,,,,,20000031,1610616834.0,
31,32,CAN,False,Team,Candace,3,,,,,,,,,,20000032,1610616834.0,
32,67,KEN,False,Team,Kenny,3,,,,,,,,,,20000067,,
33,68,CHK,False,Team,Chuck,3,,,,,,,,,,20000068,,
